{
  "images": [
    {
      "width": 259,
      "height": 194,
      "id": 0,
      "file_name": "images\\4/ae84baad-download.jfif"
    },
    {
      "width": 225,
      "height": 225,
      "id": 1,
      "file_name": "images\\4/90b84c0e-1.jfif"
    },
    {
      "width": 1920,
      "height": 989,
      "id": 2,
      "file_name": "images\\4/e3a50f92-Samsung_A40.jpg"
    },
    {
      "width": 1200,
      "height": 667,
      "id": 3,
      "file_name": "images\\4/20e90476-WhatsApp-Image-2020-10-02-at-11.35.52.jpeg"
    },
    {
      "width": 3809,
      "height": 2140,
      "id": 4,
      "file_name": "images\\4/959d19d3-tXjAZDmY6gDAiv9WxaBWnP.jpg"
    },
    {
      "width": 600,
      "height": 523,
      "id": 5,
      "file_name": "images\\4/811d88f3-thumbnails_large__default_upload_bucket_03_bf3834489e39e3e3a97099d5461_uKnFyRG.png"
    },
    {
      "width": 282,
      "height": 600,
      "id": 6,
      "file_name": "images\\4/a17a18ca-thumb_613788_phone_front_big.jpg"
    },
    {
      "width": 350,
      "height": 196,
      "id": 7,
      "file_name": "images\\4/664038f8-These-Galaxy-S7-S7-Edge-and-Galaxy-S6-deals-are-a-bargain-hunters-wet-dream.jpg"
    },
    {
      "width": 500,
      "height": 500,
      "id": 8,
      "file_name": "images\\4/9eb14232-sony-xperia-5-iv-5g-front-1.jpg"
    },
    {
      "width": 1920,
      "height": 1080,
      "id": 9,
      "file_name": "images\\4/564ac116-Sony-Xperia-5-III-front-in-hand.jpg"
    },
    {
      "width": 1920,
      "height": 1081,
      "id": 10,
      "file_name": "images\\4/e1ce3bcc-Sony_Xperia5_IV_TOP.jpeg"
    },
    {
      "width": 635,
      "height": 476,
      "id": 11,
      "file_name": "images\\4/4f70e80a-Sony_Xperia_T2_ultra_cover_NDTV.jpg"
    },
    {
      "width": 1200,
      "height": 675,
      "id": 12,
      "file_name": "images\\4/670b1bde-SMdeqU924FKMd9jyxnbvVU-1200-80.jpg"
    },
    {
      "width": 680,
      "height": 500,
      "id": 13,
      "file_name": "images\\4/b2dfb019-sgs22p-cov-sho-sel-1-1111805-1656685441.jpg"
    },
    {
      "width": 1200,
      "height": 667,
      "id": 14,
      "file_name": "images\\4/912d4989-Samsung-Galaxy-S22-Plus-FB.jpg"
    },
    {
      "width": 400,
      "height": 600,
      "id": 15,
      "file_name": "images\\4/968c48c1-samsung-galaxy-s10-plus-screen.jpg"
    },
    {
      "width": 1920,
      "height": 1081,
      "id": 16,
      "file_name": "images\\4/bdadc18f-Samsung-Galaxy-S10-Plus-red-reflection-at-angle.jpg"
    },
    {
      "width": 350,
      "height": 196,
      "id": 17,
      "file_name": "images\\4/0b4d908a-Samsung-Galaxy-S7-Edge-catches-on-fire-after-freezing-and-then-shutting-down.jpg"
    },
    {
      "width": 660,
      "height": 394,
      "id": 18,
      "file_name": "images\\4/21db2541-samsung-galaxy-j7-j700f-2.jpg"
    },
    {
      "width": 500,
      "height": 500,
      "id": 19,
      "file_name": "images\\4/1b52bc7a-samsung-galaxy-j5-2016-front.png"
    },
    {
      "width": 1919,
      "height": 1080,
      "id": 20,
      "file_name": "images\\4/5cf91487-Samsung-Galaxy-A51-back-standing-up.jpg"
    },
    {
      "width": 900,
      "height": 550,
      "id": 21,
      "file_name": "images\\4/949fc1a7-Samsung-Galaxy-A31-Review.jpg"
    },
    {
      "width": 800,
      "height": 800,
      "id": 22,
      "file_name": "images\\4/89a6406d-Samsung-Galaxy-A31-Hands-On-Review-9.jpg"
    },
    {
      "width": 2160,
      "height": 1440,
      "id": 23,
      "file_name": "images\\4/3f3cd489-Samsung_Galaxy_S_Series_Hands_On_29_von_3339.jpg"
    },
    {
      "width": 3000,
      "height": 2000,
      "id": 24,
      "file_name": "images\\4/918c2cd1-sa_en-galaxy-j5-2017-j530f-ds-sm-j530fzddksa-000000001-front-gold-72986189.png"
    },
    {
      "width": 1200,
      "height": 519,
      "id": 25,
      "file_name": "images\\4/60c701e7-S22-Ultra-small-560858c.jpg"
    },
    {
      "width": 230,
      "height": 184,
      "id": 26,
      "file_name": "images\\4/f1fc676c-product_14691653040180110.jpg"
    },
    {
      "width": 1200,
      "height": 800,
      "id": 27,
      "file_name": "images\\4/20c8fadf-Poco-M3-first-look-7.jpg"
    },
    {
      "width": 900,
      "height": 600,
      "id": 28,
      "file_name": "images\\4/d6cea322-poco-f4-gt_1jpg-20220702044445.jpg"
    },
    {
      "width": 800,
      "height": 800,
      "id": 29,
      "file_name": "images\\4/183e1c2f-Original-Samsung-Jelly-Cover-EF-AJ530TF-for-Galaxy-J5-2017-Gold-22062017-01-p.jpg"
    },
    {
      "width": 1144,
      "height": 1144,
      "id": 30,
      "file_name": "images\\4/cc50914b-MPTP3.jpeg"
    },
    {
      "width": 1280,
      "height": 720,
      "id": 31,
      "file_name": "images\\4/e4ccfa17-maxresdefault.jpg"
    },
    {
      "width": 1280,
      "height": 720,
      "id": 32,
      "file_name": "images\\4/261d39d4-maxresdefault_1.jpg"
    },
    {
      "width": 1200,
      "height": 797,
      "id": 33,
      "file_name": "images\\4/c2918dfa-i-tried-the-iphone-x-and-the-killer-feature-is-it-2-2546-1509659724-0_dblbig.jpg"
    },
    {
      "width": 560,
      "height": 744,
      "id": 34,
      "file_name": "images\\4/7da75b16-iphone-14-pro-max-gold-witb-202209_FMT_WHH.jpeg"
    },
    {
      "width": 1200,
      "height": 630,
      "id": 35,
      "file_name": "images\\4/ec685894-iphone-14-pro_overview__e414c54gtu6a_og.png"
    },
    {
      "width": 1024,
      "height": 1024,
      "id": 36,
      "file_name": "images\\4/2d7ba428-iPhone-8-Silver-Price-in-Srilanka_5.jpg"
    },
    {
      "width": 350,
      "height": 704,
      "id": 37,
      "file_name": "images\\4/6598c258-iphone7-plus-gold.png"
    },
    {
      "width": 1000,
      "height": 1000,
      "id": 38,
      "file_name": "images\\4/56b11990-iphone-5s-dolu-kasa-a1453a1457a1518a1528-3-renk-4236-iphone-5s-a1453a1_S53RfL8.jpg"
    },
    {
      "width": 600,
      "height": 398,
      "id": 39,
      "file_name": "images\\4/ebd12431-ip4main.jpg.cf.jpg"
    },
    {
      "width": 259,
      "height": 194,
      "id": 40,
      "file_name": "images\\4/e4d50578-images.jpeg"
    },
    {
      "width": 310,
      "height": 163,
      "id": 41,
      "file_name": "images\\4/51429c3a-images_12.jpeg"
    },
    {
      "width": 225,
      "height": 225,
      "id": 42,
      "file_name": "images\\4/4bfb4df6-images_11.jpeg"
    },
    {
      "width": 251,
      "height": 201,
      "id": 43,
      "file_name": "images\\4/32aea201-images_10.jpeg"
    },
    {
      "width": 259,
      "height": 194,
      "id": 44,
      "file_name": "images\\4/d4cdd27d-images_9.jpeg"
    },
    {
      "width": 170,
      "height": 297,
      "id": 45,
      "file_name": "images\\4/4c52d76f-images_8.jpeg"
    },
    {
      "width": 225,
      "height": 225,
      "id": 46,
      "file_name": "images\\4/15e75c97-images_7.jpeg"
    },
    {
      "width": 194,
      "height": 259,
      "id": 47,
      "file_name": "images\\4/62040a28-images_6.jpeg"
    },
    {
      "width": 275,
      "height": 183,
      "id": 48,
      "file_name": "images\\4/41165cbf-images_5.jpeg"
    },
    {
      "width": 259,
      "height": 194,
      "id": 49,
      "file_name": "images\\4/e055f484-images_4.jpeg"
    },
    {
      "width": 230,
      "height": 184,
      "id": 50,
      "file_name": "images\\4/118dac3f-images_3.jpeg"
    },
    {
      "width": 300,
      "height": 168,
      "id": 51,
      "file_name": "images\\4/faf6f1cc-images_2.jpeg"
    },
    {
      "width": 300,
      "height": 168,
      "id": 52,
      "file_name": "images\\4/845714ab-images_1.jpeg"
    },
    {
      "width": 1919,
      "height": 1080,
      "id": 53,
      "file_name": "images\\4/9299dfa1-Huawei-P30-back-1.jpg"
    },
    {
      "width": 2000,
      "height": 2000,
      "id": 54,
      "file_name": "images\\4/3fcaf9d7-HKHG2_AV1.jpeg"
    },
    {
      "width": 4032,
      "height": 3024,
      "id": 55,
      "file_name": "images\\4/fbd73f30-HERO.jpg"
    },
    {
      "width": 1200,
      "height": 799,
      "id": 56,
      "file_name": "images\\4/c213d3ab-gsmarena_012.jpg"
    },
    {
      "width": 727,
      "height": 486,
      "id": 57,
      "file_name": "images\\4/82bd7485-gsmarena_000.jpg"
    },
    {
      "width": 1920,
      "height": 1080,
      "id": 58,
      "file_name": "images\\4/33684ba3-galaxy-a11-design.jpg"
    },
    {
      "width": 1024,
      "height": 683,
      "id": 59,
      "file_name": "images\\4/8789a12f-eng_pl_Case-Body-Flap-Apple-iPhone-5S-Space-Grey-With-Flaw-52675_2.jpg"
    },
    {
      "width": 1400,
      "height": 1400,
      "id": 60,
      "file_name": "images\\4/9cc2a8f8-DSCF7729_2.jpeg"
    },
    {
      "width": 1400,
      "height": 1400,
      "id": 61,
      "file_name": "images\\4/b3511620-DSCF7373.jpg"
    },
    {
      "width": 590,
      "height": 393,
      "id": 62,
      "file_name": "images\\4/60557337-DSC00520.acr_crop.jpeg"
    },
    {
      "width": 275,
      "height": 183,
      "id": 63,
      "file_name": "images\\4/fa733a33-download.jpeg"
    },
    {
      "width": 275,
      "height": 183,
      "id": 64,
      "file_name": "images\\4/c2aab9f6-download_2.jpeg"
    },
    {
      "width": 275,
      "height": 183,
      "id": 65,
      "file_name": "images\\4/864f76ac-download_1.jpeg"
    },
    {
      "width": 480,
      "height": 360,
      "id": 66,
      "file_name": "images\\4/e6f5c9af-design-features.jpg"
    },
    {
      "width": 320,
      "height": 180,
      "id": 67,
      "file_name": "images\\4/b33c7e43-d1786005dbb59b0fa39098b11d4e0374-320-80.jpg"
    },
    {
      "width": 1800,
      "height": 1200,
      "id": 68,
      "file_name": "images\\4/62204416-csm_SM_A515_GalaxyA51_Blue_Back_b62e87d010.jpg"
    },
    {
      "width": 720,
      "height": 720,
      "id": 69,
      "file_name": "images\\4/a6b6edf3-Common_M007_S10_720.jpg"
    },
    {
      "width": 980,
      "height": 653,
      "id": 70,
      "file_name": "images\\4/00a7fea4-black-galaxy-s7-8-980x653.jpg"
    },
    {
      "width": 1920,
      "height": 1080,
      "id": 71,
      "file_name": "images\\4/09104e42-Bild_Apple_iPhone_14_Pro_Max_Intro.jpg"
    },
    {
      "width": 600,
      "height": 600,
      "id": 72,
      "file_name": "images\\4/88f11df6-Apple-iPhone-14-Pro-Max-01.jpg"
    },
    {
      "width": 653,
      "height": 914,
      "id": 73,
      "file_name": "images\\4/11a19e8e-Apple-iPhone-14-Pro-iPhone-14-Pro-Max-deep-purple-220907_inline.jpg.large.jpg"
    },
    {
      "width": 4772,
      "height": 2684,
      "id": 74,
      "file_name": "images\\4/d2f948e9-AndroidPIT-huawei-p30-lite-display.jpg"
    },
    {
      "width": 1400,
      "height": 1400,
      "id": 75,
      "file_name": "images\\4/22b64738-akrales_210917_4760_0175.jpg"
    },
    {
      "width": 1200,
      "height": 628,
      "id": 76,
      "file_name": "images\\4/f4aae261-akrales_190228_3255_0525.jpg"
    },
    {
      "width": 679,
      "height": 500,
      "id": 77,
      "file_name": "images\\4/de968009-aiphone14pm-cov-sho-sel-1-1152416-1665475427.jpg"
    },
    {
      "width": 600,
      "height": 340,
      "id": 78,
      "file_name": "images\\4/fa5fb5d8-ack.jpg"
    },
    {
      "width": 700,
      "height": 1050,
      "id": 79,
      "file_name": "images\\4/26375238-a5fc55e9-2dd4-43b9-a6b7-95c845d45471.png"
    },
    {
      "width": 620,
      "height": 465,
      "id": 80,
      "file_name": "images\\4/2553f6ae-1580296874-3457.jpg"
    },
    {
      "width": 263,
      "height": 600,
      "id": 81,
      "file_name": "images\\4/f6033e97-302872424-400x300.jpeg"
    },
    {
      "width": 1908,
      "height": 1146,
      "id": 82,
      "file_name": "images\\4/ca4952c7-19113358-0-image-a-11_1569862714533.jpg"
    },
    {
      "width": 2879,
      "height": 1920,
      "id": 83,
      "file_name": "images\\4/afa41870-162913-phones-review-sony-xperia-5-iv-review-image4-o7iso0u1fp.jpg"
    },
    {
      "width": 2879,
      "height": 1920,
      "id": 84,
      "file_name": "images\\4/2c5c69f8-162609-phones-review-hands-on-apple-iphone-14-pro-max-initial-review-t_8gBHTgM.jpg"
    },
    {
      "width": 1201,
      "height": 801,
      "id": 85,
      "file_name": "images\\4/fb21c8c3-142231-phones-review-iphone-8-plus-review-image1-cz02mm4xbh.jpg"
    },
    {
      "width": 945,
      "height": 630,
      "id": 86,
      "file_name": "images\\4/161eb951-142227-phones-review-iphone-x-review-photos-image1-ahdsiyvum0.jpg"
    },
    {
      "width": 300,
      "height": 400,
      "id": 87,
      "file_name": "images\\4/881003f6-104119-v1-samsung-galaxy-j7-prime-mobile-phone-large-2.jpg"
    },
    {
      "width": 900,
      "height": 1139,
      "id": 88,
      "file_name": "images\\4/b7605d23-89311ed3iphone7s.jpg"
    },
    {
      "width": 1201,
      "height": 800,
      "id": 89,
      "file_name": "images\\4/4a92e8dd-71197-phones-review-apple-iphone-3gs-image8-oampa3c61j.jpg"
    },
    {
      "width": 1366,
      "height": 911,
      "id": 90,
      "file_name": "images\\4/d4404374-1366_2000.jpg"
    },
    {
      "width": 1200,
      "height": 2291,
      "id": 91,
      "file_name": "images\\4/1c575db9-1200px-IPhone_1st_Gen.svg.png"
    },
    {
      "width": 401,
      "height": 496,
      "id": 92,
      "file_name": "images\\4/3ab2a6f5-415WmwGkIjL._AC_.jpg"
    },
    {
      "width": 1280,
      "height": 720,
      "id": 93,
      "file_name": "images\\4/ba13d4e7-99-hero.jpg"
    },
    {
      "width": 1240,
      "height": 745,
      "id": 94,
      "file_name": "images\\4/f4a8dbfc-61sfcfC8rDL.jpg"
    },
    {
      "width": 1200,
      "height": 900,
      "id": 95,
      "file_name": "images\\4/910465e7-47bfd385-huawei-p30-lite-un-milieu-de-gamme-aux-finitions-exemplaires_a2RYyWJ.jpeg"
    },
    {
      "width": 2000,
      "height": 1333,
      "id": 96,
      "file_name": "images\\4/06d42a9e-8faae640-8f8f-11ec-a5dd-5a09a0825945.jpeg"
    },
    {
      "width": 400,
      "height": 400,
      "id": 97,
      "file_name": "images\\4/4146a109-7b6c59588d0b.jpg"
    },
    {
      "width": 1600,
      "height": 1000,
      "id": 98,
      "file_name": "images\\4/793d4254-3e0be510-bf18-11ec-bffc-95264be601e5.jpeg"
    },
    {
      "width": 1280,
      "height": 892,
      "id": 99,
      "file_name": "images\\4/e5b38b1b-0-78880-iphone-8-5-xl.jpg"
    }
  ],
  "categories": [
    {
      "id": 0,
      "name": "Telephone"
    }
  ],
  "annotations": [
    {
      "id": 0,
      "image_id": 0,
      "category_id": 0,
      "segmentation": [],
      "bbox": [
        55,
        6,
        146,
        171
      ],
      "ignore": 0,
      "iscrowd": 0,
      "area": 24966
    },
    {
      "id": 1,
      "image_id": 1,
      "category_id": 0,
      "segmentation": [],
      "bbox": [
        44,
        32,
        142,
        169
      ],
      "ignore": 0,
      "iscrowd": 0,
      "area": 23998
    },
    {
      "id": 2,
      "image_id": 2,
      "category_id": 0,
      "segmentation": [],
      "bbox": [
        169,
        84,
        1624,
        821
      ],
      "ignore": 0,
      "iscrowd": 0,
      "area": 1333304
    },
    {
      "id": 3,
      "image_id": 3,
      "category_id": 0,
      "segmentation": [],
      "bbox": [
        282,
        77,
        410,
        575
      ],
      "ignore": 0,
      "iscrowd": 0,
      "area": 235750
    },
    {
      "id": 4,
      "image_id": 4,
      "category_id": 0,
      "segmentation": [],
      "bbox": [
        767,
        263,
        772,
        1290
      ],
      "ignore": 0,
      "iscrowd": 0,
      "area": 995880
    },
    {
      "id": 5,
      "image_id": 5,
      "category_id": 0,
      "segmentation": [],
      "bbox": [
        185,
        48,
        225,
        416
      ],
      "ignore": 0,
      "iscrowd": 0,
      "area": 93600
    },
    {
      "id": 6,
      "image_id": 6,
      "category_id": 0,
      "segmentation": [],
      "bbox": [
        6,
        9,
        275,
        583
      ],
      "ignore": 0,
      "iscrowd": 0,
      "area": 160325
    },
    {
      "id": 7,
      "image_id": 7,
      "category_id": 0,
      "segmentation": [],
      "bbox": [
        21,
        24,
        309,
        161
      ],
      "ignore": 0,
      "iscrowd": 0,
      "area": 49749
    },
    {
      "id": 8,
      "image_id": 8,
      "category_id": 0,
      "segmentation": [],
      "bbox": [
        126,
        11,
        245,
        488
      ],
      "ignore": 0,
      "iscrowd": 0,
      "area": 119560
    },
    {
      "id": 9,
      "image_id": 9,
      "category_id": 0,
      "segmentation": [],
      "bbox": [
        665,
        23,
        608,
        1014
      ],
      "ignore": 0,
      "iscrowd": 0,
      "area": 616512
    },
    {
      "id": 10,
      "image_id": 10,
      "category_id": 0,
      "segmentation": [],
      "bbox": [
        376,
        54,
        1039,
        870
      ],
      "ignore": 0,
      "iscrowd": 0,
      "area": 903930
    },
    {
      "id": 11,
      "image_id": 11,
      "category_id": 0,
      "segmentation": [],
      "bbox": [
        130,
        8,
        224,
        448
      ],
      "ignore": 0,
      "iscrowd": 0,
      "area": 100352
    },
    {
      "id": 12,
      "image_id": 12,
      "category_id": 0,
      "segmentation": [],
      "bbox": [
        440,
        17,
        341,
        639
      ],
      "ignore": 0,
      "iscrowd": 0,
      "area": 217899
    },
    {
      "id": 13,
      "image_id": 13,
      "category_id": 0,
      "segmentation": [],
      "bbox": [
        96,
        23,
        494,
        428
      ],
      "ignore": 0,
      "iscrowd": 0,
      "area": 211432
    },
    {
      "id": 14,
      "image_id": 14,
      "category_id": 0,
      "segmentation": [],
      "bbox": [
        410,
        19,
        428,
        590
      ],
      "ignore": 0,
      "iscrowd": 0,
      "area": 252520
    },
    {
      "id": 15,
      "image_id": 15,
      "category_id": 0,
      "segmentation": [],
      "bbox": [
        67,
        31,
        278,
        526
      ],
      "ignore": 0,
      "iscrowd": 0,
      "area": 146228
    },
    {
      "id": 16,
      "image_id": 16,
      "category_id": 0,
      "segmentation": [],
      "bbox": [
        395,
        65,
        1158,
        963
      ],
      "ignore": 0,
      "iscrowd": 0,
      "area": 1115154
    },
    {
      "id": 17,
      "image_id": 17,
      "category_id": 0,
      "segmentation": [],
      "bbox": [
        58,
        6,
        218,
        187
      ],
      "ignore": 0,
      "iscrowd": 0,
      "area": 40766
    },
    {
      "id": 18,
      "image_id": 18,
      "category_id": 0,
      "segmentation": [],
      "bbox": [
        22,
        7,
        637,
        381
      ],
      "ignore": 0,
      "iscrowd": 0,
      "area": 242697
    },
    {
      "id": 19,
      "image_id": 19,
      "category_id": 0,
      "segmentation": [],
      "bbox": [
        109,
        10,
        265,
        485
      ],
      "ignore": 0,
      "iscrowd": 0,
      "area": 128525
    },
    {
      "id": 20,
      "image_id": 20,
      "category_id": 0,
      "segmentation": [],
      "bbox": [
        671,
        45,
        595,
        999
      ],
      "ignore": 0,
      "iscrowd": 0,
      "area": 594405
    },
    {
      "id": 21,
      "image_id": 21,
      "category_id": 0,
      "segmentation": [],
      "bbox": [
        269,
        37,
        371,
        455
      ],
      "ignore": 0,
      "iscrowd": 0,
      "area": 168805
    },
    {
      "id": 22,
      "image_id": 22,
      "category_id": 0,
      "segmentation": [],
      "bbox": [
        180,
        34,
        501,
        650
      ],
      "ignore": 0,
      "iscrowd": 0,
      "area": 325650
    },
    {
      "id": 23,
      "image_id": 23,
      "category_id": 0,
      "segmentation": [],
      "bbox": [
        761,
        12,
        794,
        1324
      ],
      "ignore": 0,
      "iscrowd": 0,
      "area": 1051256
    },
    {
      "id": 24,
      "image_id": 24,
      "category_id": 0,
      "segmentation": [],
      "bbox": [
        953,
        17,
        1075,
        1957
      ],
      "ignore": 0,
      "iscrowd": 0,
      "area": 2103775
    },
    {
      "id": 25,
      "image_id": 25,
      "category_id": 0,
      "segmentation": [],
      "bbox": [
        490,
        21,
        318,
        460
      ],
      "ignore": 0,
      "iscrowd": 0,
      "area": 146280
    },
    {
      "id": 26,
      "image_id": 26,
      "category_id": 0,
      "segmentation": [],
      "bbox": [
        66,
        7,
        105,
        170
      ],
      "ignore": 0,
      "iscrowd": 0,
      "area": 17850
    },
    {
      "id": 27,
      "image_id": 27,
      "category_id": 0,
      "segmentation": [],
      "bbox": [
        271,
        45,
        774,
        681
      ],
      "ignore": 0,
      "iscrowd": 0,
      "area": 527094
    },
    {
      "id": 28,
      "image_id": 28,
      "category_id": 0,
      "segmentation": [],
      "bbox": [
        87,
        20,
        750,
        544
      ],
      "ignore": 0,
      "iscrowd": 0,
      "area": 408000
    },
    {
      "id": 29,
      "image_id": 29,
      "category_id": 0,
      "segmentation": [],
      "bbox": [
        220,
        4,
        380,
        771
      ],
      "ignore": 0,
      "iscrowd": 0,
      "area": 292980
    },
    {
      "id": 30,
      "image_id": 30,
      "category_id": 0,
      "segmentation": [],
      "bbox": [
        271,
        18,
        563,
        1066
      ],
      "ignore": 0,
      "iscrowd": 0,
      "area": 600158
    },
    {
      "id": 31,
      "image_id": 31,
      "category_id": 0,
      "segmentation": [],
      "bbox": [
        66,
        17,
        1114,
        659
      ],
      "ignore": 0,
      "iscrowd": 0,
      "area": 734126
    },
    {
      "id": 32,
      "image_id": 32,
      "category_id": 0,
      "segmentation": [],
      "bbox": [
        246,
        27,
        919,
        692
      ],
      "ignore": 0,
      "iscrowd": 0,
      "area": 635948
    },
    {
      "id": 33,
      "image_id": 33,
      "category_id": 0,
      "segmentation": [],
      "bbox": [
        311,
        89,
        505,
        693
      ],
      "ignore": 0,
      "iscrowd": 0,
      "area": 349965
    },
    {
      "id": 34,
      "image_id": 34,
      "category_id": 0,
      "segmentation": [],
      "bbox": [
        79,
        135,
        415,
        608
      ],
      "ignore": 0,
      "iscrowd": 0,
      "area": 252320
    },
    {
      "id": 35,
      "image_id": 35,
      "category_id": 0,
      "segmentation": [],
      "bbox": [
        219,
        360,
        738,
        269
      ],
      "ignore": 0,
      "iscrowd": 0,
      "area": 198522
    },
    {
      "id": 36,
      "image_id": 36,
      "category_id": 0,
      "segmentation": [],
      "bbox": [
        250,
        38,
        565,
        943
      ],
      "ignore": 0,
      "iscrowd": 0,
      "area": 532795
    },
    {
      "id": 37,
      "image_id": 37,
      "category_id": 0,
      "segmentation": [],
      "bbox": [
        2,
        2,
        347,
        701
      ],
      "ignore": 0,
      "iscrowd": 0,
      "area": 243247
    },
    {
      "id": 38,
      "image_id": 38,
      "category_id": 0,
      "segmentation": [],
      "bbox": [
        25,
        251,
        975,
        546
      ],
      "ignore": 0,
      "iscrowd": 0,
      "area": 532350
    },
    {
      "id": 39,
      "image_id": 39,
      "category_id": 0,
      "segmentation": [],
      "bbox": [
        89,
        24,
        412,
        358
      ],
      "ignore": 0,
      "iscrowd": 0,
      "area": 147496
    },
    {
      "id": 40,
      "image_id": 40,
      "category_id": 0,
      "segmentation": [],
      "bbox": [
        28,
        12,
        182,
        162
      ],
      "ignore": 0,
      "iscrowd": 0,
      "area": 29484
    },
    {
      "id": 41,
      "image_id": 41,
      "category_id": 0,
      "segmentation": [],
      "bbox": [
        30,
        4,
        248,
        158
      ],
      "ignore": 0,
      "iscrowd": 0,
      "area": 39184
    },
    {
      "id": 42,
      "image_id": 42,
      "category_id": 0,
      "segmentation": [],
      "bbox": [
        40,
        26,
        173,
        173
      ],
      "ignore": 0,
      "iscrowd": 0,
      "area": 29929
    },
    {
      "id": 43,
      "image_id": 43,
      "category_id": 0,
      "segmentation": [],
      "bbox": [
        84,
        19,
        84,
        160
      ],
      "ignore": 0,
      "iscrowd": 0,
      "area": 13440
    },
    {
      "id": 44,
      "image_id": 44,
      "category_id": 0,
      "segmentation": [],
      "bbox": [
        83,
        7,
        99,
        170
      ],
      "ignore": 0,
      "iscrowd": 0,
      "area": 16830
    },
    {
      "id": 45,
      "image_id": 45,
      "category_id": 0,
      "segmentation": [],
      "bbox": [
        1,
        1,
        168,
        279
      ],
      "ignore": 0,
      "iscrowd": 0,
      "area": 46872
    },
    {
      "id": 46,
      "image_id": 46,
      "category_id": 0,
      "segmentation": [],
      "bbox": [
        29,
        16,
        167,
        193
      ],
      "ignore": 0,
      "iscrowd": 0,
      "area": 32231
    },
    {
      "id": 47,
      "image_id": 47,
      "category_id": 0,
      "segmentation": [],
      "bbox": [
        20,
        7,
        133,
        220
      ],
      "ignore": 0,
      "iscrowd": 0,
      "area": 29260
    },
    {
      "id": 48,
      "image_id": 48,
      "category_id": 0,
      "segmentation": [],
      "bbox": [
        72,
        7,
        129,
        154
      ],
      "ignore": 0,
      "iscrowd": 0,
      "area": 19866
    },
    {
      "id": 49,
      "image_id": 49,
      "category_id": 0,
      "segmentation": [],
      "bbox": [
        89,
        4,
        104,
        181
      ],
      "ignore": 0,
      "iscrowd": 0,
      "area": 18824
    },
    {
      "id": 50,
      "image_id": 50,
      "category_id": 0,
      "segmentation": [],
      "bbox": [
        72,
        4,
        75,
        146
      ],
      "ignore": 0,
      "iscrowd": 0,
      "area": 10950
    },
    {
      "id": 51,
      "image_id": 51,
      "category_id": 0,
      "segmentation": [],
      "bbox": [
        16,
        12,
        270,
        137
      ],
      "ignore": 0,
      "iscrowd": 0,
      "area": 36990
    },
    {
      "id": 52,
      "image_id": 52,
      "category_id": 0,
      "segmentation": [],
      "bbox": [
        103,
        5,
        83,
        151
      ],
      "ignore": 0,
      "iscrowd": 0,
      "area": 12533
    },
    {
      "id": 53,
      "image_id": 53,
      "category_id": 0,
      "segmentation": [],
      "bbox": [
        708,
        49,
        556,
        934
      ],
      "ignore": 0,
      "iscrowd": 0,
      "area": 519304
    },
    {
      "id": 54,
      "image_id": 54,
      "category_id": 0,
      "segmentation": [],
      "bbox": [
        707,
        32,
        871,
        1846
      ],
      "ignore": 0,
      "iscrowd": 0,
      "area": 1607866
    },
    {
      "id": 55,
      "image_id": 55,
      "category_id": 0,
      "segmentation": [],
      "bbox": [
        248,
        199,
        3055,
        2824
      ],
      "ignore": 0,
      "iscrowd": 0,
      "area": 8627320
    },
    {
      "id": 56,
      "image_id": 56,
      "category_id": 0,
      "segmentation": [],
      "bbox": [
        221,
        71,
        699,
        709
      ],
      "ignore": 0,
      "iscrowd": 0,
      "area": 495591
    },
    {
      "id": 57,
      "image_id": 57,
      "category_id": 0,
      "segmentation": [],
      "bbox": [
        3,
        5,
        574,
        448
      ],
      "ignore": 0,
      "iscrowd": 0,
      "area": 257152
    },
    {
      "id": 58,
      "image_id": 58,
      "category_id": 0,
      "segmentation": [],
      "bbox": [
        778,
        0,
        661,
        1062
      ],
      "ignore": 0,
      "iscrowd": 0,
      "area": 701982
    },
    {
      "id": 59,
      "image_id": 59,
      "category_id": 0,
      "segmentation": [],
      "bbox": [
        20,
        17,
        1003,
        636
      ],
      "ignore": 0,
      "iscrowd": 0,
      "area": 637908
    },
    {
      "id": 60,
      "image_id": 60,
      "category_id": 0,
      "segmentation": [],
      "bbox": [
        89,
        70,
        1230,
        1200
      ],
      "ignore": 0,
      "iscrowd": 0,
      "area": 1476000
    },
    {
      "id": 61,
      "image_id": 61,
      "category_id": 0,
      "segmentation": [],
      "bbox": [
        329,
        12,
        857,
        1280
      ],
      "ignore": 0,
      "iscrowd": 0,
      "area": 1096960
    },
    {
      "id": 62,
      "image_id": 62,
      "category_id": 0,
      "segmentation": [],
      "bbox": [
        30,
        49,
        508,
        289
      ],
      "ignore": 0,
      "iscrowd": 0,
      "area": 146812
    },
    {
      "id": 63,
      "image_id": 63,
      "category_id": 0,
      "segmentation": [],
      "bbox": [
        74,
        14,
        118,
        135
      ],
      "ignore": 0,
      "iscrowd": 0,
      "area": 15930
    },
    {
      "id": 64,
      "image_id": 64,
      "category_id": 0,
      "segmentation": [],
      "bbox": [
        73,
        0,
        140,
        180
      ],
      "ignore": 0,
      "iscrowd": 0,
      "area": 25200
    },
    {
      "id": 65,
      "image_id": 65,
      "category_id": 0,
      "segmentation": [],
      "bbox": [
        90,
        6,
        115,
        150
      ],
      "ignore": 0,
      "iscrowd": 0,
      "area": 17250
    },
    {
      "id": 66,
      "image_id": 66,
      "category_id": 0,
      "segmentation": [],
      "bbox": [
        16,
        28,
        462,
        223
      ],
      "ignore": 0,
      "iscrowd": 0,
      "area": 103026
    },
    {
      "id": 67,
      "image_id": 67,
      "category_id": 0,
      "segmentation": [],
      "bbox": [
        33,
        8,
        250,
        165
      ],
      "ignore": 0,
      "iscrowd": 0,
      "area": 41250
    },
    {
      "id": 68,
      "image_id": 68,
      "category_id": 0,
      "segmentation": [],
      "bbox": [
        574,
        25,
        649,
        1159
      ],
      "ignore": 0,
      "iscrowd": 0,
      "area": 752191
    },
    {
      "id": 69,
      "image_id": 69,
      "category_id": 0,
      "segmentation": [],
      "bbox": [
        205,
        57,
        285,
        522
      ],
      "ignore": 0,
      "iscrowd": 0,
      "area": 148770
    },
    {
      "id": 70,
      "image_id": 70,
      "category_id": 0,
      "segmentation": [],
      "bbox": [
        105,
        3,
        875,
        615
      ],
      "ignore": 0,
      "iscrowd": 0,
      "area": 538125
    },
    {
      "id": 71,
      "image_id": 71,
      "category_id": 0,
      "segmentation": [],
      "bbox": [
        56,
        80,
        1846,
        975
      ],
      "ignore": 0,
      "iscrowd": 0,
      "area": 1799850
    },
    {
      "id": 72,
      "image_id": 72,
      "category_id": 0,
      "segmentation": [],
      "bbox": [
        229,
        51,
        300,
        528
      ],
      "ignore": 0,
      "iscrowd": 0,
      "area": 158400
    },
    {
      "id": 73,
      "image_id": 73,
      "category_id": 0,
      "segmentation": [],
      "bbox": [
        279,
        135,
        292,
        727
      ],
      "ignore": 0,
      "iscrowd": 0,
      "area": 212284
    },
    {
      "id": 74,
      "image_id": 74,
      "category_id": 0,
      "segmentation": [],
      "bbox": [
        1556,
        5,
        1902,
        2678
      ],
      "ignore": 0,
      "iscrowd": 0,
      "area": 5093556
    },
    {
      "id": 75,
      "image_id": 75,
      "category_id": 0,
      "segmentation": [],
      "bbox": [
        332,
        70,
        659,
        1220
      ],
      "ignore": 0,
      "iscrowd": 0,
      "area": 803980
    },
    {
      "id": 76,
      "image_id": 76,
      "category_id": 0,
      "segmentation": [],
      "bbox": [
        330,
        0,
        616,
        617
      ],
      "ignore": 0,
      "iscrowd": 0,
      "area": 380072
    },
    {
      "id": 77,
      "image_id": 77,
      "category_id": 0,
      "segmentation": [],
      "bbox": [
        147,
        11,
        352,
        471
      ],
      "ignore": 0,
      "iscrowd": 0,
      "area": 165792
    },
    {
      "id": 78,
      "image_id": 78,
      "category_id": 0,
      "segmentation": [],
      "bbox": [
        80,
        14,
        282,
        322
      ],
      "ignore": 0,
      "iscrowd": 0,
      "area": 90804
    },
    {
      "id": 79,
      "image_id": 79,
      "category_id": 0,
      "segmentation": [],
      "bbox": [
        110,
        121,
        472,
        847
      ],
      "ignore": 0,
      "iscrowd": 0,
      "area": 399784
    },
    {
      "id": 80,
      "image_id": 80,
      "category_id": 0,
      "segmentation": [],
      "bbox": [
        173,
        23,
        364,
        426
      ],
      "ignore": 0,
      "iscrowd": 0,
      "area": 155064
    },
    {
      "id": 81,
      "image_id": 81,
      "category_id": 0,
      "segmentation": [],
      "bbox": [
        47,
        26,
        182,
        424
      ],
      "ignore": 0,
      "iscrowd": 0,
      "area": 77168
    },
    {
      "id": 82,
      "image_id": 82,
      "category_id": 0,
      "segmentation": [],
      "bbox": [
        108,
        252,
        1702,
        685
      ],
      "ignore": 0,
      "iscrowd": 0,
      "area": 1165870
    },
    {
      "id": 83,
      "image_id": 83,
      "category_id": 0,
      "segmentation": [],
      "bbox": [
        1189,
        126,
        1072,
        1302
      ],
      "ignore": 0,
      "iscrowd": 0,
      "area": 1395744
    },
    {
      "id": 84,
      "image_id": 84,
      "category_id": 0,
      "segmentation": [],
      "bbox": [
        1172,
        48,
        918,
        1782
      ],
      "ignore": 0,
      "iscrowd": 0,
      "area": 1635876
    },
    {
      "id": 85,
      "image_id": 85,
      "category_id": 0,
      "segmentation": [],
      "bbox": [
        451,
        84,
        308,
        619
      ],
      "ignore": 0,
      "iscrowd": 0,
      "area": 190652
    },
    {
      "id": 86,
      "image_id": 86,
      "category_id": 0,
      "segmentation": [],
      "bbox": [
        311,
        12,
        311,
        587
      ],
      "ignore": 0,
      "iscrowd": 0,
      "area": 182557
    },
    {
      "id": 87,
      "image_id": 87,
      "category_id": 0,
      "segmentation": [],
      "bbox": [
        35,
        5,
        222,
        394
      ],
      "ignore": 0,
      "iscrowd": 0,
      "area": 87468
    },
    {
      "id": 88,
      "image_id": 88,
      "category_id": 0,
      "segmentation": [],
      "bbox": [
        136,
        24,
        649,
        1063
      ],
      "ignore": 0,
      "iscrowd": 0,
      "area": 689887
    },
    {
      "id": 89,
      "image_id": 89,
      "category_id": 0,
      "segmentation": [],
      "bbox": [
        476,
        11,
        454,
        725
      ],
      "ignore": 0,
      "iscrowd": 0,
      "area": 329150
    },
    {
      "id": 90,
      "image_id": 90,
      "category_id": 0,
      "segmentation": [],
      "bbox": [
        600,
        68,
        344,
        792
      ],
      "ignore": 0,
      "iscrowd": 0,
      "area": 272448
    },
    {
      "id": 91,
      "image_id": 91,
      "category_id": 0,
      "segmentation": [],
      "bbox": [
        12,
        0,
        1187,
        2291
      ],
      "ignore": 0,
      "iscrowd": 0,
      "area": 2719417
    },
    {
      "id": 92,
      "image_id": 92,
      "category_id": 0,
      "segmentation": [],
      "bbox": [
        164,
        33,
        174,
        457
      ],
      "ignore": 0,
      "iscrowd": 0,
      "area": 79518
    },
    {
      "id": 93,
      "image_id": 93,
      "category_id": 0,
      "segmentation": [],
      "bbox": [
        469,
        18,
        339,
        649
      ],
      "ignore": 0,
      "iscrowd": 0,
      "area": 220011
    },
    {
      "id": 94,
      "image_id": 94,
      "category_id": 0,
      "segmentation": [],
      "bbox": [
        56,
        39,
        1142,
        687
      ],
      "ignore": 0,
      "iscrowd": 0,
      "area": 784554
    },
    {
      "id": 95,
      "image_id": 95,
      "category_id": 0,
      "segmentation": [],
      "bbox": [
        245,
        61,
        367,
        641
      ],
      "ignore": 0,
      "iscrowd": 0,
      "area": 235247
    },
    {
      "id": 96,
      "image_id": 96,
      "category_id": 0,
      "segmentation": [],
      "bbox": [
        702,
        69,
        521,
        1099
      ],
      "ignore": 0,
      "iscrowd": 0,
      "area": 572579
    },
    {
      "id": 97,
      "image_id": 97,
      "category_id": 0,
      "segmentation": [],
      "bbox": [
        101,
        29,
        200,
        360
      ],
      "ignore": 0,
      "iscrowd": 0,
      "area": 72000
    },
    {
      "id": 98,
      "image_id": 98,
      "category_id": 0,
      "segmentation": [],
      "bbox": [
        554,
        30,
        451,
        942
      ],
      "ignore": 0,
      "iscrowd": 0,
      "area": 424842
    },
    {
      "id": 99,
      "image_id": 99,
      "category_id": 0,
      "segmentation": [],
      "bbox": [
        216,
        19,
        659,
        815
      ],
      "ignore": 0,
      "iscrowd": 0,
      "area": 537085
    }
  ],
  "info": {
    "year": 2022,
    "version": "1.0",
    "description": "",
    "contributor": "Label Studio",
    "url": "",
    "date_created": "2022-11-28 13:23:09.457512"
  }
}