<?xml version="1.0" encoding="utf-8"?>
<annotation>
<folder>images</folder>
<filename>00a7fea4-black-galaxy-s7-8-980x653.jpg</filename>
<source>
<database>MyDatabase</database>
<annotation>COCO2017</annotation>
<image>flickr</image>
<flickrid>NULL</flickrid>
<annotator>2</annotator>
</source>
<owner>
<flickrid>NULL</flickrid>
<name>Label Studio</name>
</owner>
<size>
<width>980</width>
<height>653</height>
<depth>3</depth>
</size>
<segmented>0</segmented>
<object>
<name>Telephone</name>
<pose>Unspecified</pose>
<truncated>0</truncated>
<difficult>0</difficult>
<bndbox>
<xmin>105</xmin>
<ymin>3</ymin>
<xmax>980</xmax>
<ymax>618</ymax>
</bndbox>
</object>
</annotation>
