<?xml version="1.0" encoding="utf-8"?>
<annotation>
<folder>images</folder>
<filename>06d42a9e-8faae640-8f8f-11ec-a5dd-5a09a0825945.jpeg</filename>
<source>
<database>MyDatabase</database>
<annotation>COCO2017</annotation>
<image>flickr</image>
<flickrid>NULL</flickrid>
<annotator>2</annotator>
</source>
<owner>
<flickrid>NULL</flickrid>
<name>Label Studio</name>
</owner>
<size>
<width>2000</width>
<height>1333</height>
<depth>3</depth>
</size>
<segmented>0</segmented>
<object>
<name>Telephone</name>
<pose>Unspecified</pose>
<truncated>0</truncated>
<difficult>0</difficult>
<bndbox>
<xmin>702</xmin>
<ymin>69</ymin>
<xmax>1223</xmax>
<ymax>1168</ymax>
</bndbox>
</object>
</annotation>
