<?xml version="1.0" encoding="utf-8"?>
<annotation>
<folder>images</folder>
<filename>09104e42-Bild_Apple_iPhone_14_Pro_Max_Intro.jpg</filename>
<source>
<database>MyDatabase</database>
<annotation>COCO2017</annotation>
<image>flickr</image>
<flickrid>NULL</flickrid>
<annotator>2</annotator>
</source>
<owner>
<flickrid>NULL</flickrid>
<name>Label Studio</name>
</owner>
<size>
<width>1920</width>
<height>1080</height>
<depth>3</depth>
</size>
<segmented>0</segmented>
<object>
<name>Telephone</name>
<pose>Unspecified</pose>
<truncated>0</truncated>
<difficult>0</difficult>
<bndbox>
<xmin>56</xmin>
<ymin>80</ymin>
<xmax>1902</xmax>
<ymax>1055</ymax>
</bndbox>
</object>
</annotation>
