<?xml version="1.0" encoding="utf-8"?>
<annotation>
<folder>images</folder>
<filename>0b4d908a-Samsung-Galaxy-S7-Edge-catches-on-fire-after-freezing-and-then-shutting-down.jpg</filename>
<source>
<database>MyDatabase</database>
<annotation>COCO2017</annotation>
<image>flickr</image>
<flickrid>NULL</flickrid>
<annotator>2</annotator>
</source>
<owner>
<flickrid>NULL</flickrid>
<name>Label Studio</name>
</owner>
<size>
<width>350</width>
<height>196</height>
<depth>3</depth>
</size>
<segmented>0</segmented>
<object>
<name>Telephone</name>
<pose>Unspecified</pose>
<truncated>0</truncated>
<difficult>0</difficult>
<bndbox>
<xmin>58</xmin>
<ymin>6</ymin>
<xmax>276</xmax>
<ymax>193</ymax>
</bndbox>
</object>
</annotation>
