<?xml version="1.0" encoding="utf-8"?>
<annotation>
<folder>images</folder>
<filename>118dac3f-images_3.jpeg</filename>
<source>
<database>MyDatabase</database>
<annotation>COCO2017</annotation>
<image>flickr</image>
<flickrid>NULL</flickrid>
<annotator>2</annotator>
</source>
<owner>
<flickrid>NULL</flickrid>
<name>Label Studio</name>
</owner>
<size>
<width>230</width>
<height>184</height>
<depth>3</depth>
</size>
<segmented>0</segmented>
<object>
<name>Telephone</name>
<pose>Unspecified</pose>
<truncated>0</truncated>
<difficult>0</difficult>
<bndbox>
<xmin>72</xmin>
<ymin>4</ymin>
<xmax>147</xmax>
<ymax>150</ymax>
</bndbox>
</object>
</annotation>
