<?xml version="1.0" encoding="utf-8"?>
<annotation>
<folder>images</folder>
<filename>11a19e8e-Apple-iPhone-14-Pro-iPhone-14-Pro-Max-deep-purple-220907_inline.jpg.large.jpg</filename>
<source>
<database>MyDatabase</database>
<annotation>COCO2017</annotation>
<image>flickr</image>
<flickrid>NULL</flickrid>
<annotator>2</annotator>
</source>
<owner>
<flickrid>NULL</flickrid>
<name>Label Studio</name>
</owner>
<size>
<width>653</width>
<height>914</height>
<depth>3</depth>
</size>
<segmented>0</segmented>
<object>
<name>Telephone</name>
<pose>Unspecified</pose>
<truncated>0</truncated>
<difficult>0</difficult>
<bndbox>
<xmin>279</xmin>
<ymin>135</ymin>
<xmax>571</xmax>
<ymax>862</ymax>
</bndbox>
</object>
</annotation>
