<?xml version="1.0" encoding="utf-8"?>
<annotation>
<folder>images</folder>
<filename>161eb951-142227-phones-review-iphone-x-review-photos-image1-ahdsiyvum0.jpg</filename>
<source>
<database>MyDatabase</database>
<annotation>COCO2017</annotation>
<image>flickr</image>
<flickrid>NULL</flickrid>
<annotator>2</annotator>
</source>
<owner>
<flickrid>NULL</flickrid>
<name>Label Studio</name>
</owner>
<size>
<width>945</width>
<height>630</height>
<depth>3</depth>
</size>
<segmented>0</segmented>
<object>
<name>Telephone</name>
<pose>Unspecified</pose>
<truncated>0</truncated>
<difficult>0</difficult>
<bndbox>
<xmin>311</xmin>
<ymin>12</ymin>
<xmax>622</xmax>
<ymax>599</ymax>
</bndbox>
</object>
</annotation>
