<?xml version="1.0" encoding="utf-8"?>
<annotation>
<folder>images</folder>
<filename>183e1c2f-Original-Samsung-Jelly-Cover-EF-AJ530TF-for-Galaxy-J5-2017-Gold-22062017-01-p.jpg</filename>
<source>
<database>MyDatabase</database>
<annotation>COCO2017</annotation>
<image>flickr</image>
<flickrid>NULL</flickrid>
<annotator>2</annotator>
</source>
<owner>
<flickrid>NULL</flickrid>
<name>Label Studio</name>
</owner>
<size>
<width>800</width>
<height>800</height>
<depth>3</depth>
</size>
<segmented>0</segmented>
<object>
<name>Telephone</name>
<pose>Unspecified</pose>
<truncated>0</truncated>
<difficult>0</difficult>
<bndbox>
<xmin>220</xmin>
<ymin>4</ymin>
<xmax>600</xmax>
<ymax>775</ymax>
</bndbox>
</object>
</annotation>
