<?xml version="1.0" encoding="utf-8"?>
<annotation>
<folder>images</folder>
<filename>1b52bc7a-samsung-galaxy-j5-2016-front.png</filename>
<source>
<database>MyDatabase</database>
<annotation>COCO2017</annotation>
<image>flickr</image>
<flickrid>NULL</flickrid>
<annotator>2</annotator>
</source>
<owner>
<flickrid>NULL</flickrid>
<name>Label Studio</name>
</owner>
<size>
<width>500</width>
<height>500</height>
<depth>3</depth>
</size>
<segmented>0</segmented>
<object>
<name>Telephone</name>
<pose>Unspecified</pose>
<truncated>0</truncated>
<difficult>0</difficult>
<bndbox>
<xmin>109</xmin>
<ymin>10</ymin>
<xmax>374</xmax>
<ymax>495</ymax>
</bndbox>
</object>
</annotation>
