<?xml version="1.0" encoding="utf-8"?>
<annotation>
<folder>images</folder>
<filename>20c8fadf-Poco-M3-first-look-7.jpg</filename>
<source>
<database>MyDatabase</database>
<annotation>COCO2017</annotation>
<image>flickr</image>
<flickrid>NULL</flickrid>
<annotator>2</annotator>
</source>
<owner>
<flickrid>NULL</flickrid>
<name>Label Studio</name>
</owner>
<size>
<width>1200</width>
<height>800</height>
<depth>3</depth>
</size>
<segmented>0</segmented>
<object>
<name>Telephone</name>
<pose>Unspecified</pose>
<truncated>0</truncated>
<difficult>0</difficult>
<bndbox>
<xmin>271</xmin>
<ymin>45</ymin>
<xmax>1045</xmax>
<ymax>726</ymax>
</bndbox>
</object>
</annotation>
