<?xml version="1.0" encoding="utf-8"?>
<annotation>
<folder>images</folder>
<filename>20e90476-WhatsApp-Image-2020-10-02-at-11.35.52.jpeg</filename>
<source>
<database>MyDatabase</database>
<annotation>COCO2017</annotation>
<image>flickr</image>
<flickrid>NULL</flickrid>
<annotator>2</annotator>
</source>
<owner>
<flickrid>NULL</flickrid>
<name>Label Studio</name>
</owner>
<size>
<width>1200</width>
<height>667</height>
<depth>3</depth>
</size>
<segmented>0</segmented>
<object>
<name>Telephone</name>
<pose>Unspecified</pose>
<truncated>0</truncated>
<difficult>0</difficult>
<bndbox>
<xmin>282</xmin>
<ymin>77</ymin>
<xmax>692</xmax>
<ymax>652</ymax>
</bndbox>
</object>
</annotation>
