<?xml version="1.0" encoding="utf-8"?>
<annotation>
<folder>images</folder>
<filename>21db2541-samsung-galaxy-j7-j700f-2.jpg</filename>
<source>
<database>MyDatabase</database>
<annotation>COCO2017</annotation>
<image>flickr</image>
<flickrid>NULL</flickrid>
<annotator>2</annotator>
</source>
<owner>
<flickrid>NULL</flickrid>
<name>Label Studio</name>
</owner>
<size>
<width>660</width>
<height>394</height>
<depth>3</depth>
</size>
<segmented>0</segmented>
<object>
<name>Telephone</name>
<pose>Unspecified</pose>
<truncated>0</truncated>
<difficult>0</difficult>
<bndbox>
<xmin>22</xmin>
<ymin>7</ymin>
<xmax>659</xmax>
<ymax>388</ymax>
</bndbox>
</object>
</annotation>
