<?xml version="1.0" encoding="utf-8"?>
<annotation>
<folder>images</folder>
<filename>22b64738-akrales_210917_4760_0175.jpg</filename>
<source>
<database>MyDatabase</database>
<annotation>COCO2017</annotation>
<image>flickr</image>
<flickrid>NULL</flickrid>
<annotator>2</annotator>
</source>
<owner>
<flickrid>NULL</flickrid>
<name>Label Studio</name>
</owner>
<size>
<width>1400</width>
<height>1400</height>
<depth>3</depth>
</size>
<segmented>0</segmented>
<object>
<name>Telephone</name>
<pose>Unspecified</pose>
<truncated>0</truncated>
<difficult>0</difficult>
<bndbox>
<xmin>332</xmin>
<ymin>70</ymin>
<xmax>991</xmax>
<ymax>1290</ymax>
</bndbox>
</object>
</annotation>
