<?xml version="1.0" encoding="utf-8"?>
<annotation>
<folder>images</folder>
<filename>2553f6ae-1580296874-3457.jpg</filename>
<source>
<database>MyDatabase</database>
<annotation>COCO2017</annotation>
<image>flickr</image>
<flickrid>NULL</flickrid>
<annotator>2</annotator>
</source>
<owner>
<flickrid>NULL</flickrid>
<name>Label Studio</name>
</owner>
<size>
<width>620</width>
<height>465</height>
<depth>3</depth>
</size>
<segmented>0</segmented>
<object>
<name>Telephone</name>
<pose>Unspecified</pose>
<truncated>0</truncated>
<difficult>0</difficult>
<bndbox>
<xmin>173</xmin>
<ymin>23</ymin>
<xmax>537</xmax>
<ymax>449</ymax>
</bndbox>
</object>
</annotation>
