<?xml version="1.0" encoding="utf-8"?>
<annotation>
<folder>images</folder>
<filename>26375238-a5fc55e9-2dd4-43b9-a6b7-95c845d45471.png</filename>
<source>
<database>MyDatabase</database>
<annotation>COCO2017</annotation>
<image>flickr</image>
<flickrid>NULL</flickrid>
<annotator>2</annotator>
</source>
<owner>
<flickrid>NULL</flickrid>
<name>Label Studio</name>
</owner>
<size>
<width>700</width>
<height>1050</height>
<depth>1</depth>
</size>
<segmented>0</segmented>
<object>
<name>Telephone</name>
<pose>Unspecified</pose>
<truncated>0</truncated>
<difficult>0</difficult>
<bndbox>
<xmin>110</xmin>
<ymin>121</ymin>
<xmax>582</xmax>
<ymax>968</ymax>
</bndbox>
</object>
</annotation>
