<?xml version="1.0" encoding="utf-8"?>
<annotation>
<folder>images</folder>
<filename>2c5c69f8-162609-phones-review-hands-on-apple-iphone-14-pro-max-initial-review-t_8gBHTgM.jpg</filename>
<source>
<database>MyDatabase</database>
<annotation>COCO2017</annotation>
<image>flickr</image>
<flickrid>NULL</flickrid>
<annotator>2</annotator>
</source>
<owner>
<flickrid>NULL</flickrid>
<name>Label Studio</name>
</owner>
<size>
<width>2879</width>
<height>1920</height>
<depth>3</depth>
</size>
<segmented>0</segmented>
<object>
<name>Telephone</name>
<pose>Unspecified</pose>
<truncated>0</truncated>
<difficult>0</difficult>
<bndbox>
<xmin>1172</xmin>
<ymin>48</ymin>
<xmax>2090</xmax>
<ymax>1830</ymax>
</bndbox>
</object>
</annotation>
