<?xml version="1.0" encoding="utf-8"?>
<annotation>
<folder>images</folder>
<filename>2d7ba428-iPhone-8-Silver-Price-in-Srilanka_5.jpg</filename>
<source>
<database>MyDatabase</database>
<annotation>COCO2017</annotation>
<image>flickr</image>
<flickrid>NULL</flickrid>
<annotator>2</annotator>
</source>
<owner>
<flickrid>NULL</flickrid>
<name>Label Studio</name>
</owner>
<size>
<width>1024</width>
<height>1024</height>
<depth>3</depth>
</size>
<segmented>0</segmented>
<object>
<name>Telephone</name>
<pose>Unspecified</pose>
<truncated>0</truncated>
<difficult>0</difficult>
<bndbox>
<xmin>250</xmin>
<ymin>38</ymin>
<xmax>815</xmax>
<ymax>981</ymax>
</bndbox>
</object>
</annotation>
