<?xml version="1.0" encoding="utf-8"?>
<annotation>
<folder>images</folder>
<filename>3ab2a6f5-415WmwGkIjL._AC_.jpg</filename>
<source>
<database>MyDatabase</database>
<annotation>COCO2017</annotation>
<image>flickr</image>
<flickrid>NULL</flickrid>
<annotator>2</annotator>
</source>
<owner>
<flickrid>NULL</flickrid>
<name>Label Studio</name>
</owner>
<size>
<width>401</width>
<height>496</height>
<depth>3</depth>
</size>
<segmented>0</segmented>
<object>
<name>Telephone</name>
<pose>Unspecified</pose>
<truncated>0</truncated>
<difficult>0</difficult>
<bndbox>
<xmin>164</xmin>
<ymin>33</ymin>
<xmax>338</xmax>
<ymax>490</ymax>
</bndbox>
</object>
</annotation>
