<?xml version="1.0" encoding="utf-8"?>
<annotation>
<folder>images</folder>
<filename>3f3cd489-Samsung_Galaxy_S_Series_Hands_On_29_von_3339.jpg</filename>
<source>
<database>MyDatabase</database>
<annotation>COCO2017</annotation>
<image>flickr</image>
<flickrid>NULL</flickrid>
<annotator>2</annotator>
</source>
<owner>
<flickrid>NULL</flickrid>
<name>Label Studio</name>
</owner>
<size>
<width>2160</width>
<height>1440</height>
<depth>3</depth>
</size>
<segmented>0</segmented>
<object>
<name>Telephone</name>
<pose>Unspecified</pose>
<truncated>0</truncated>
<difficult>0</difficult>
<bndbox>
<xmin>761</xmin>
<ymin>12</ymin>
<xmax>1555</xmax>
<ymax>1336</ymax>
</bndbox>
</object>
</annotation>
