<?xml version="1.0" encoding="utf-8"?>
<annotation>
<folder>images</folder>
<filename>3fcaf9d7-HKHG2_AV1.jpeg</filename>
<source>
<database>MyDatabase</database>
<annotation>COCO2017</annotation>
<image>flickr</image>
<flickrid>NULL</flickrid>
<annotator>2</annotator>
</source>
<owner>
<flickrid>NULL</flickrid>
<name>Label Studio</name>
</owner>
<size>
<width>2000</width>
<height>2000</height>
<depth>3</depth>
</size>
<segmented>0</segmented>
<object>
<name>Telephone</name>
<pose>Unspecified</pose>
<truncated>0</truncated>
<difficult>0</difficult>
<bndbox>
<xmin>707</xmin>
<ymin>32</ymin>
<xmax>1578</xmax>
<ymax>1878</ymax>
</bndbox>
</object>
</annotation>
