<?xml version="1.0" encoding="utf-8"?>
<annotation>
<folder>images</folder>
<filename>4146a109-7b6c59588d0b.jpg</filename>
<source>
<database>MyDatabase</database>
<annotation>COCO2017</annotation>
<image>flickr</image>
<flickrid>NULL</flickrid>
<annotator>2</annotator>
</source>
<owner>
<flickrid>NULL</flickrid>
<name>Label Studio</name>
</owner>
<size>
<width>400</width>
<height>400</height>
<depth>3</depth>
</size>
<segmented>0</segmented>
<object>
<name>Telephone</name>
<pose>Unspecified</pose>
<truncated>0</truncated>
<difficult>0</difficult>
<bndbox>
<xmin>101</xmin>
<ymin>29</ymin>
<xmax>301</xmax>
<ymax>389</ymax>
</bndbox>
</object>
</annotation>
