<?xml version="1.0" encoding="utf-8"?>
<annotation>
<folder>images</folder>
<filename>4a92e8dd-71197-phones-review-apple-iphone-3gs-image8-oampa3c61j.jpg</filename>
<source>
<database>MyDatabase</database>
<annotation>COCO2017</annotation>
<image>flickr</image>
<flickrid>NULL</flickrid>
<annotator>2</annotator>
</source>
<owner>
<flickrid>NULL</flickrid>
<name>Label Studio</name>
</owner>
<size>
<width>1201</width>
<height>800</height>
<depth>3</depth>
</size>
<segmented>0</segmented>
<object>
<name>Telephone</name>
<pose>Unspecified</pose>
<truncated>0</truncated>
<difficult>0</difficult>
<bndbox>
<xmin>476</xmin>
<ymin>11</ymin>
<xmax>930</xmax>
<ymax>736</ymax>
</bndbox>
</object>
</annotation>
