<?xml version="1.0" encoding="utf-8"?>
<annotation>
<folder>images</folder>
<filename>4c52d76f-images_8.jpeg</filename>
<source>
<database>MyDatabase</database>
<annotation>COCO2017</annotation>
<image>flickr</image>
<flickrid>NULL</flickrid>
<annotator>2</annotator>
</source>
<owner>
<flickrid>NULL</flickrid>
<name>Label Studio</name>
</owner>
<size>
<width>170</width>
<height>297</height>
<depth>3</depth>
</size>
<segmented>0</segmented>
<object>
<name>Telephone</name>
<pose>Unspecified</pose>
<truncated>0</truncated>
<difficult>0</difficult>
<bndbox>
<xmin>1</xmin>
<ymin>1</ymin>
<xmax>169</xmax>
<ymax>280</ymax>
</bndbox>
</object>
</annotation>
