<?xml version="1.0" encoding="utf-8"?>
<annotation>
<folder>images</folder>
<filename>564ac116-Sony-Xperia-5-III-front-in-hand.jpg</filename>
<source>
<database>MyDatabase</database>
<annotation>COCO2017</annotation>
<image>flickr</image>
<flickrid>NULL</flickrid>
<annotator>2</annotator>
</source>
<owner>
<flickrid>NULL</flickrid>
<name>Label Studio</name>
</owner>
<size>
<width>1920</width>
<height>1080</height>
<depth>3</depth>
</size>
<segmented>0</segmented>
<object>
<name>Telephone</name>
<pose>Unspecified</pose>
<truncated>0</truncated>
<difficult>0</difficult>
<bndbox>
<xmin>665</xmin>
<ymin>23</ymin>
<xmax>1273</xmax>
<ymax>1037</ymax>
</bndbox>
</object>
</annotation>
