<?xml version="1.0" encoding="utf-8"?>
<annotation>
<folder>images</folder>
<filename>56b11990-iphone-5s-dolu-kasa-a1453a1457a1518a1528-3-renk-4236-iphone-5s-a1453a1_S53RfL8.jpg</filename>
<source>
<database>MyDatabase</database>
<annotation>COCO2017</annotation>
<image>flickr</image>
<flickrid>NULL</flickrid>
<annotator>2</annotator>
</source>
<owner>
<flickrid>NULL</flickrid>
<name>Label Studio</name>
</owner>
<size>
<width>1000</width>
<height>1000</height>
<depth>3</depth>
</size>
<segmented>0</segmented>
<object>
<name>Telephone</name>
<pose>Unspecified</pose>
<truncated>0</truncated>
<difficult>0</difficult>
<bndbox>
<xmin>25</xmin>
<ymin>251</ymin>
<xmax>1000</xmax>
<ymax>797</ymax>
</bndbox>
</object>
</annotation>
