<?xml version="1.0" encoding="utf-8"?>
<annotation>
<folder>images</folder>
<filename>5cf91487-Samsung-Galaxy-A51-back-standing-up.jpg</filename>
<source>
<database>MyDatabase</database>
<annotation>COCO2017</annotation>
<image>flickr</image>
<flickrid>NULL</flickrid>
<annotator>2</annotator>
</source>
<owner>
<flickrid>NULL</flickrid>
<name>Label Studio</name>
</owner>
<size>
<width>1919</width>
<height>1080</height>
<depth>3</depth>
</size>
<segmented>0</segmented>
<object>
<name>Telephone</name>
<pose>Unspecified</pose>
<truncated>0</truncated>
<difficult>0</difficult>
<bndbox>
<xmin>671</xmin>
<ymin>45</ymin>
<xmax>1266</xmax>
<ymax>1044</ymax>
</bndbox>
</object>
</annotation>
