<?xml version="1.0" encoding="utf-8"?>
<annotation>
<folder>images</folder>
<filename>60557337-DSC00520.acr_crop.jpeg</filename>
<source>
<database>MyDatabase</database>
<annotation>COCO2017</annotation>
<image>flickr</image>
<flickrid>NULL</flickrid>
<annotator>2</annotator>
</source>
<owner>
<flickrid>NULL</flickrid>
<name>Label Studio</name>
</owner>
<size>
<width>590</width>
<height>393</height>
<depth>3</depth>
</size>
<segmented>0</segmented>
<object>
<name>Telephone</name>
<pose>Unspecified</pose>
<truncated>0</truncated>
<difficult>0</difficult>
<bndbox>
<xmin>30</xmin>
<ymin>49</ymin>
<xmax>538</xmax>
<ymax>338</ymax>
</bndbox>
</object>
</annotation>
