<?xml version="1.0" encoding="utf-8"?>
<annotation>
<folder>images</folder>
<filename>60c701e7-S22-Ultra-small-560858c.jpg</filename>
<source>
<database>MyDatabase</database>
<annotation>COCO2017</annotation>
<image>flickr</image>
<flickrid>NULL</flickrid>
<annotator>2</annotator>
</source>
<owner>
<flickrid>NULL</flickrid>
<name>Label Studio</name>
</owner>
<size>
<width>1200</width>
<height>519</height>
<depth>3</depth>
</size>
<segmented>0</segmented>
<object>
<name>Telephone</name>
<pose>Unspecified</pose>
<truncated>0</truncated>
<difficult>0</difficult>
<bndbox>
<xmin>490</xmin>
<ymin>21</ymin>
<xmax>808</xmax>
<ymax>481</ymax>
</bndbox>
</object>
</annotation>
