<?xml version="1.0" encoding="utf-8"?>
<annotation>
<folder>images</folder>
<filename>62040a28-images_6.jpeg</filename>
<source>
<database>MyDatabase</database>
<annotation>COCO2017</annotation>
<image>flickr</image>
<flickrid>NULL</flickrid>
<annotator>2</annotator>
</source>
<owner>
<flickrid>NULL</flickrid>
<name>Label Studio</name>
</owner>
<size>
<width>194</width>
<height>259</height>
<depth>3</depth>
</size>
<segmented>0</segmented>
<object>
<name>Telephone</name>
<pose>Unspecified</pose>
<truncated>0</truncated>
<difficult>0</difficult>
<bndbox>
<xmin>20</xmin>
<ymin>7</ymin>
<xmax>153</xmax>
<ymax>227</ymax>
</bndbox>
</object>
</annotation>
