<?xml version="1.0" encoding="utf-8"?>
<annotation>
<folder>images</folder>
<filename>62204416-csm_SM_A515_GalaxyA51_Blue_Back_b62e87d010.jpg</filename>
<source>
<database>MyDatabase</database>
<annotation>COCO2017</annotation>
<image>flickr</image>
<flickrid>NULL</flickrid>
<annotator>2</annotator>
</source>
<owner>
<flickrid>NULL</flickrid>
<name>Label Studio</name>
</owner>
<size>
<width>1800</width>
<height>1200</height>
<depth>3</depth>
</size>
<segmented>0</segmented>
<object>
<name>Telephone</name>
<pose>Unspecified</pose>
<truncated>0</truncated>
<difficult>0</difficult>
<bndbox>
<xmin>574</xmin>
<ymin>25</ymin>
<xmax>1223</xmax>
<ymax>1184</ymax>
</bndbox>
</object>
</annotation>
