<?xml version="1.0" encoding="utf-8"?>
<annotation>
<folder>images</folder>
<filename>6598c258-iphone7-plus-gold.png</filename>
<source>
<database>MyDatabase</database>
<annotation>COCO2017</annotation>
<image>flickr</image>
<flickrid>NULL</flickrid>
<annotator>2</annotator>
</source>
<owner>
<flickrid>NULL</flickrid>
<name>Label Studio</name>
</owner>
<size>
<width>350</width>
<height>704</height>
<depth>4</depth>
</size>
<segmented>0</segmented>
<object>
<name>Telephone</name>
<pose>Unspecified</pose>
<truncated>0</truncated>
<difficult>0</difficult>
<bndbox>
<xmin>2</xmin>
<ymin>2</ymin>
<xmax>349</xmax>
<ymax>703</ymax>
</bndbox>
</object>
</annotation>
