<?xml version="1.0" encoding="utf-8"?>
<annotation>
<folder>images</folder>
<filename>664038f8-These-Galaxy-S7-S7-Edge-and-Galaxy-S6-deals-are-a-bargain-hunters-wet-dream.jpg</filename>
<source>
<database>MyDatabase</database>
<annotation>COCO2017</annotation>
<image>flickr</image>
<flickrid>NULL</flickrid>
<annotator>2</annotator>
</source>
<owner>
<flickrid>NULL</flickrid>
<name>Label Studio</name>
</owner>
<size>
<width>350</width>
<height>196</height>
<depth>3</depth>
</size>
<segmented>0</segmented>
<object>
<name>Telephone</name>
<pose>Unspecified</pose>
<truncated>0</truncated>
<difficult>0</difficult>
<bndbox>
<xmin>21</xmin>
<ymin>24</ymin>
<xmax>330</xmax>
<ymax>185</ymax>
</bndbox>
</object>
</annotation>
