<?xml version="1.0" encoding="utf-8"?>
<annotation>
<folder>images</folder>
<filename>793d4254-3e0be510-bf18-11ec-bffc-95264be601e5.jpeg</filename>
<source>
<database>MyDatabase</database>
<annotation>COCO2017</annotation>
<image>flickr</image>
<flickrid>NULL</flickrid>
<annotator>2</annotator>
</source>
<owner>
<flickrid>NULL</flickrid>
<name>Label Studio</name>
</owner>
<size>
<width>1600</width>
<height>1000</height>
<depth>3</depth>
</size>
<segmented>0</segmented>
<object>
<name>Telephone</name>
<pose>Unspecified</pose>
<truncated>0</truncated>
<difficult>0</difficult>
<bndbox>
<xmin>554</xmin>
<ymin>30</ymin>
<xmax>1005</xmax>
<ymax>972</ymax>
</bndbox>
</object>
</annotation>
