<?xml version="1.0" encoding="utf-8"?>
<annotation>
<folder>images</folder>
<filename>7da75b16-iphone-14-pro-max-gold-witb-202209_FMT_WHH.jpeg</filename>
<source>
<database>MyDatabase</database>
<annotation>COCO2017</annotation>
<image>flickr</image>
<flickrid>NULL</flickrid>
<annotator>2</annotator>
</source>
<owner>
<flickrid>NULL</flickrid>
<name>Label Studio</name>
</owner>
<size>
<width>560</width>
<height>744</height>
<depth>3</depth>
</size>
<segmented>0</segmented>
<object>
<name>Telephone</name>
<pose>Unspecified</pose>
<truncated>0</truncated>
<difficult>0</difficult>
<bndbox>
<xmin>79</xmin>
<ymin>135</ymin>
<xmax>494</xmax>
<ymax>743</ymax>
</bndbox>
</object>
</annotation>
