<?xml version="1.0" encoding="utf-8"?>
<annotation>
<folder>images</folder>
<filename>811d88f3-thumbnails_large__default_upload_bucket_03_bf3834489e39e3e3a97099d5461_uKnFyRG.png</filename>
<source>
<database>MyDatabase</database>
<annotation>COCO2017</annotation>
<image>flickr</image>
<flickrid>NULL</flickrid>
<annotator>2</annotator>
</source>
<owner>
<flickrid>NULL</flickrid>
<name>Label Studio</name>
</owner>
<size>
<width>600</width>
<height>523</height>
<depth>4</depth>
</size>
<segmented>0</segmented>
<object>
<name>Telephone</name>
<pose>Unspecified</pose>
<truncated>0</truncated>
<difficult>0</difficult>
<bndbox>
<xmin>185</xmin>
<ymin>48</ymin>
<xmax>410</xmax>
<ymax>464</ymax>
</bndbox>
</object>
</annotation>
