<?xml version="1.0" encoding="utf-8"?>
<annotation>
<folder>images</folder>
<filename>82bd7485-gsmarena_000.jpg</filename>
<source>
<database>MyDatabase</database>
<annotation>COCO2017</annotation>
<image>flickr</image>
<flickrid>NULL</flickrid>
<annotator>2</annotator>
</source>
<owner>
<flickrid>NULL</flickrid>
<name>Label Studio</name>
</owner>
<size>
<width>727</width>
<height>486</height>
<depth>3</depth>
</size>
<segmented>0</segmented>
<object>
<name>Telephone</name>
<pose>Unspecified</pose>
<truncated>0</truncated>
<difficult>0</difficult>
<bndbox>
<xmin>3</xmin>
<ymin>5</ymin>
<xmax>577</xmax>
<ymax>453</ymax>
</bndbox>
</object>
</annotation>
