<?xml version="1.0" encoding="utf-8"?>
<annotation>
<folder>images</folder>
<filename>8789a12f-eng_pl_Case-Body-Flap-Apple-iPhone-5S-Space-Grey-With-Flaw-52675_2.jpg</filename>
<source>
<database>MyDatabase</database>
<annotation>COCO2017</annotation>
<image>flickr</image>
<flickrid>NULL</flickrid>
<annotator>2</annotator>
</source>
<owner>
<flickrid>NULL</flickrid>
<name>Label Studio</name>
</owner>
<size>
<width>1024</width>
<height>683</height>
<depth>3</depth>
</size>
<segmented>0</segmented>
<object>
<name>Telephone</name>
<pose>Unspecified</pose>
<truncated>0</truncated>
<difficult>0</difficult>
<bndbox>
<xmin>20</xmin>
<ymin>17</ymin>
<xmax>1023</xmax>
<ymax>653</ymax>
</bndbox>
</object>
</annotation>
