<?xml version="1.0" encoding="utf-8"?>
<annotation>
<folder>images</folder>
<filename>881003f6-104119-v1-samsung-galaxy-j7-prime-mobile-phone-large-2.jpg</filename>
<source>
<database>MyDatabase</database>
<annotation>COCO2017</annotation>
<image>flickr</image>
<flickrid>NULL</flickrid>
<annotator>2</annotator>
</source>
<owner>
<flickrid>NULL</flickrid>
<name>Label Studio</name>
</owner>
<size>
<width>300</width>
<height>400</height>
<depth>3</depth>
</size>
<segmented>0</segmented>
<object>
<name>Telephone</name>
<pose>Unspecified</pose>
<truncated>0</truncated>
<difficult>0</difficult>
<bndbox>
<xmin>35</xmin>
<ymin>5</ymin>
<xmax>257</xmax>
<ymax>399</ymax>
</bndbox>
</object>
</annotation>
