<?xml version="1.0" encoding="utf-8"?>
<annotation>
<folder>images</folder>
<filename>88f11df6-Apple-iPhone-14-Pro-Max-01.jpg</filename>
<source>
<database>MyDatabase</database>
<annotation>COCO2017</annotation>
<image>flickr</image>
<flickrid>NULL</flickrid>
<annotator>2</annotator>
</source>
<owner>
<flickrid>NULL</flickrid>
<name>Label Studio</name>
</owner>
<size>
<width>600</width>
<height>600</height>
<depth>3</depth>
</size>
<segmented>0</segmented>
<object>
<name>Telephone</name>
<pose>Unspecified</pose>
<truncated>0</truncated>
<difficult>0</difficult>
<bndbox>
<xmin>229</xmin>
<ymin>51</ymin>
<xmax>529</xmax>
<ymax>579</ymax>
</bndbox>
</object>
</annotation>
