<?xml version="1.0" encoding="utf-8"?>
<annotation>
<folder>images</folder>
<filename>89a6406d-Samsung-Galaxy-A31-Hands-On-Review-9.jpg</filename>
<source>
<database>MyDatabase</database>
<annotation>COCO2017</annotation>
<image>flickr</image>
<flickrid>NULL</flickrid>
<annotator>2</annotator>
</source>
<owner>
<flickrid>NULL</flickrid>
<name>Label Studio</name>
</owner>
<size>
<width>800</width>
<height>800</height>
<depth>3</depth>
</size>
<segmented>0</segmented>
<object>
<name>Telephone</name>
<pose>Unspecified</pose>
<truncated>0</truncated>
<difficult>0</difficult>
<bndbox>
<xmin>180</xmin>
<ymin>34</ymin>
<xmax>681</xmax>
<ymax>684</ymax>
</bndbox>
</object>
</annotation>
