<?xml version="1.0" encoding="utf-8"?>
<annotation>
<folder>images</folder>
<filename>910465e7-47bfd385-huawei-p30-lite-un-milieu-de-gamme-aux-finitions-exemplaires_a2RYyWJ.jpeg</filename>
<source>
<database>MyDatabase</database>
<annotation>COCO2017</annotation>
<image>flickr</image>
<flickrid>NULL</flickrid>
<annotator>2</annotator>
</source>
<owner>
<flickrid>NULL</flickrid>
<name>Label Studio</name>
</owner>
<size>
<width>1200</width>
<height>900</height>
<depth>3</depth>
</size>
<segmented>0</segmented>
<object>
<name>Telephone</name>
<pose>Unspecified</pose>
<truncated>0</truncated>
<difficult>0</difficult>
<bndbox>
<xmin>245</xmin>
<ymin>61</ymin>
<xmax>612</xmax>
<ymax>702</ymax>
</bndbox>
</object>
</annotation>
