<?xml version="1.0" encoding="utf-8"?>
<annotation>
<folder>images</folder>
<filename>918c2cd1-sa_en-galaxy-j5-2017-j530f-ds-sm-j530fzddksa-000000001-front-gold-72986189.png</filename>
<source>
<database>MyDatabase</database>
<annotation>COCO2017</annotation>
<image>flickr</image>
<flickrid>NULL</flickrid>
<annotator>2</annotator>
</source>
<owner>
<flickrid>NULL</flickrid>
<name>Label Studio</name>
</owner>
<size>
<width>3000</width>
<height>2000</height>
<depth>4</depth>
</size>
<segmented>0</segmented>
<object>
<name>Telephone</name>
<pose>Unspecified</pose>
<truncated>0</truncated>
<difficult>0</difficult>
<bndbox>
<xmin>953</xmin>
<ymin>17</ymin>
<xmax>2028</xmax>
<ymax>1974</ymax>
</bndbox>
</object>
</annotation>
