<?xml version="1.0" encoding="utf-8"?>
<annotation>
<folder>images</folder>
<filename>949fc1a7-Samsung-Galaxy-A31-Review.jpg</filename>
<source>
<database>MyDatabase</database>
<annotation>COCO2017</annotation>
<image>flickr</image>
<flickrid>NULL</flickrid>
<annotator>2</annotator>
</source>
<owner>
<flickrid>NULL</flickrid>
<name>Label Studio</name>
</owner>
<size>
<width>900</width>
<height>550</height>
<depth>3</depth>
</size>
<segmented>0</segmented>
<object>
<name>Telephone</name>
<pose>Unspecified</pose>
<truncated>0</truncated>
<difficult>0</difficult>
<bndbox>
<xmin>269</xmin>
<ymin>37</ymin>
<xmax>640</xmax>
<ymax>492</ymax>
</bndbox>
</object>
</annotation>
