<?xml version="1.0" encoding="utf-8"?>
<annotation>
<folder>images</folder>
<filename>959d19d3-tXjAZDmY6gDAiv9WxaBWnP.jpg</filename>
<source>
<database>MyDatabase</database>
<annotation>COCO2017</annotation>
<image>flickr</image>
<flickrid>NULL</flickrid>
<annotator>2</annotator>
</source>
<owner>
<flickrid>NULL</flickrid>
<name>Label Studio</name>
</owner>
<size>
<width>3809</width>
<height>2140</height>
<depth>3</depth>
</size>
<segmented>0</segmented>
<object>
<name>Telephone</name>
<pose>Unspecified</pose>
<truncated>0</truncated>
<difficult>0</difficult>
<bndbox>
<xmin>767</xmin>
<ymin>263</ymin>
<xmax>1539</xmax>
<ymax>1553</ymax>
</bndbox>
</object>
</annotation>
