<?xml version="1.0" encoding="utf-8"?>
<annotation>
<folder>images</folder>
<filename>968c48c1-samsung-galaxy-s10-plus-screen.jpg</filename>
<source>
<database>MyDatabase</database>
<annotation>COCO2017</annotation>
<image>flickr</image>
<flickrid>NULL</flickrid>
<annotator>2</annotator>
</source>
<owner>
<flickrid>NULL</flickrid>
<name>Label Studio</name>
</owner>
<size>
<width>400</width>
<height>600</height>
<depth>3</depth>
</size>
<segmented>0</segmented>
<object>
<name>Telephone</name>
<pose>Unspecified</pose>
<truncated>0</truncated>
<difficult>0</difficult>
<bndbox>
<xmin>67</xmin>
<ymin>31</ymin>
<xmax>345</xmax>
<ymax>557</ymax>
</bndbox>
</object>
</annotation>
