<?xml version="1.0" encoding="utf-8"?>
<annotation>
<folder>images</folder>
<filename>9eb14232-sony-xperia-5-iv-5g-front-1.jpg</filename>
<source>
<database>MyDatabase</database>
<annotation>COCO2017</annotation>
<image>flickr</image>
<flickrid>NULL</flickrid>
<annotator>2</annotator>
</source>
<owner>
<flickrid>NULL</flickrid>
<name>Label Studio</name>
</owner>
<size>
<width>500</width>
<height>500</height>
<depth>3</depth>
</size>
<segmented>0</segmented>
<object>
<name>Telephone</name>
<pose>Unspecified</pose>
<truncated>0</truncated>
<difficult>0</difficult>
<bndbox>
<xmin>126</xmin>
<ymin>11</ymin>
<xmax>371</xmax>
<ymax>499</ymax>
</bndbox>
</object>
</annotation>
