<?xml version="1.0" encoding="utf-8"?>
<annotation>
<folder>images</folder>
<filename>a17a18ca-thumb_613788_phone_front_big.jpg</filename>
<source>
<database>MyDatabase</database>
<annotation>COCO2017</annotation>
<image>flickr</image>
<flickrid>NULL</flickrid>
<annotator>2</annotator>
</source>
<owner>
<flickrid>NULL</flickrid>
<name>Label Studio</name>
</owner>
<size>
<width>282</width>
<height>600</height>
<depth>3</depth>
</size>
<segmented>0</segmented>
<object>
<name>Telephone</name>
<pose>Unspecified</pose>
<truncated>0</truncated>
<difficult>0</difficult>
<bndbox>
<xmin>6</xmin>
<ymin>9</ymin>
<xmax>281</xmax>
<ymax>592</ymax>
</bndbox>
</object>
</annotation>
