<?xml version="1.0" encoding="utf-8"?>
<annotation>
<folder>images</folder>
<filename>a6b6edf3-Common_M007_S10_720.jpg</filename>
<source>
<database>MyDatabase</database>
<annotation>COCO2017</annotation>
<image>flickr</image>
<flickrid>NULL</flickrid>
<annotator>2</annotator>
</source>
<owner>
<flickrid>NULL</flickrid>
<name>Label Studio</name>
</owner>
<size>
<width>720</width>
<height>720</height>
<depth>3</depth>
</size>
<segmented>0</segmented>
<object>
<name>Telephone</name>
<pose>Unspecified</pose>
<truncated>0</truncated>
<difficult>0</difficult>
<bndbox>
<xmin>205</xmin>
<ymin>57</ymin>
<xmax>490</xmax>
<ymax>579</ymax>
</bndbox>
</object>
</annotation>
