<?xml version="1.0" encoding="utf-8"?>
<annotation>
<folder>images</folder>
<filename>afa41870-162913-phones-review-sony-xperia-5-iv-review-image4-o7iso0u1fp.jpg</filename>
<source>
<database>MyDatabase</database>
<annotation>COCO2017</annotation>
<image>flickr</image>
<flickrid>NULL</flickrid>
<annotator>2</annotator>
</source>
<owner>
<flickrid>NULL</flickrid>
<name>Label Studio</name>
</owner>
<size>
<width>2879</width>
<height>1920</height>
<depth>3</depth>
</size>
<segmented>0</segmented>
<object>
<name>Telephone</name>
<pose>Unspecified</pose>
<truncated>0</truncated>
<difficult>0</difficult>
<bndbox>
<xmin>1189</xmin>
<ymin>126</ymin>
<xmax>2261</xmax>
<ymax>1428</ymax>
</bndbox>
</object>
</annotation>
