<?xml version="1.0" encoding="utf-8"?>
<annotation>
<folder>images</folder>
<filename>b2dfb019-sgs22p-cov-sho-sel-1-1111805-1656685441.jpg</filename>
<source>
<database>MyDatabase</database>
<annotation>COCO2017</annotation>
<image>flickr</image>
<flickrid>NULL</flickrid>
<annotator>2</annotator>
</source>
<owner>
<flickrid>NULL</flickrid>
<name>Label Studio</name>
</owner>
<size>
<width>680</width>
<height>500</height>
<depth>3</depth>
</size>
<segmented>0</segmented>
<object>
<name>Telephone</name>
<pose>Unspecified</pose>
<truncated>0</truncated>
<difficult>0</difficult>
<bndbox>
<xmin>96</xmin>
<ymin>23</ymin>
<xmax>590</xmax>
<ymax>451</ymax>
</bndbox>
</object>
</annotation>
