<?xml version="1.0" encoding="utf-8"?>
<annotation>
<folder>images</folder>
<filename>b33c7e43-d1786005dbb59b0fa39098b11d4e0374-320-80.jpg</filename>
<source>
<database>MyDatabase</database>
<annotation>COCO2017</annotation>
<image>flickr</image>
<flickrid>NULL</flickrid>
<annotator>2</annotator>
</source>
<owner>
<flickrid>NULL</flickrid>
<name>Label Studio</name>
</owner>
<size>
<width>320</width>
<height>180</height>
<depth>3</depth>
</size>
<segmented>0</segmented>
<object>
<name>Telephone</name>
<pose>Unspecified</pose>
<truncated>0</truncated>
<difficult>0</difficult>
<bndbox>
<xmin>33</xmin>
<ymin>8</ymin>
<xmax>283</xmax>
<ymax>173</ymax>
</bndbox>
</object>
</annotation>
