<?xml version="1.0" encoding="utf-8"?>
<annotation>
<folder>images</folder>
<filename>b7605d23-89311ed3iphone7s.jpg</filename>
<source>
<database>MyDatabase</database>
<annotation>COCO2017</annotation>
<image>flickr</image>
<flickrid>NULL</flickrid>
<annotator>2</annotator>
</source>
<owner>
<flickrid>NULL</flickrid>
<name>Label Studio</name>
</owner>
<size>
<width>900</width>
<height>1139</height>
<depth>3</depth>
</size>
<segmented>0</segmented>
<object>
<name>Telephone</name>
<pose>Unspecified</pose>
<truncated>0</truncated>
<difficult>0</difficult>
<bndbox>
<xmin>136</xmin>
<ymin>24</ymin>
<xmax>785</xmax>
<ymax>1087</ymax>
</bndbox>
</object>
</annotation>
