<?xml version="1.0" encoding="utf-8"?>
<annotation>
<folder>images</folder>
<filename>bdadc18f-Samsung-Galaxy-S10-Plus-red-reflection-at-angle.jpg</filename>
<source>
<database>MyDatabase</database>
<annotation>COCO2017</annotation>
<image>flickr</image>
<flickrid>NULL</flickrid>
<annotator>2</annotator>
</source>
<owner>
<flickrid>NULL</flickrid>
<name>Label Studio</name>
</owner>
<size>
<width>1920</width>
<height>1081</height>
<depth>3</depth>
</size>
<segmented>0</segmented>
<object>
<name>Telephone</name>
<pose>Unspecified</pose>
<truncated>0</truncated>
<difficult>0</difficult>
<bndbox>
<xmin>395</xmin>
<ymin>65</ymin>
<xmax>1553</xmax>
<ymax>1028</ymax>
</bndbox>
</object>
</annotation>
