<?xml version="1.0" encoding="utf-8"?>
<annotation>
<folder>images</folder>
<filename>c213d3ab-gsmarena_012.jpg</filename>
<source>
<database>MyDatabase</database>
<annotation>COCO2017</annotation>
<image>flickr</image>
<flickrid>NULL</flickrid>
<annotator>2</annotator>
</source>
<owner>
<flickrid>NULL</flickrid>
<name>Label Studio</name>
</owner>
<size>
<width>1200</width>
<height>799</height>
<depth>3</depth>
</size>
<segmented>0</segmented>
<object>
<name>Telephone</name>
<pose>Unspecified</pose>
<truncated>0</truncated>
<difficult>0</difficult>
<bndbox>
<xmin>221</xmin>
<ymin>71</ymin>
<xmax>920</xmax>
<ymax>780</ymax>
</bndbox>
</object>
</annotation>
