<?xml version="1.0" encoding="utf-8"?>
<annotation>
<folder>images</folder>
<filename>c2918dfa-i-tried-the-iphone-x-and-the-killer-feature-is-it-2-2546-1509659724-0_dblbig.jpg</filename>
<source>
<database>MyDatabase</database>
<annotation>COCO2017</annotation>
<image>flickr</image>
<flickrid>NULL</flickrid>
<annotator>2</annotator>
</source>
<owner>
<flickrid>NULL</flickrid>
<name>Label Studio</name>
</owner>
<size>
<width>1200</width>
<height>797</height>
<depth>3</depth>
</size>
<segmented>0</segmented>
<object>
<name>Telephone</name>
<pose>Unspecified</pose>
<truncated>0</truncated>
<difficult>0</difficult>
<bndbox>
<xmin>311</xmin>
<ymin>89</ymin>
<xmax>816</xmax>
<ymax>782</ymax>
</bndbox>
</object>
</annotation>
