<?xml version="1.0" encoding="utf-8"?>
<annotation>
<folder>images</folder>
<filename>c2aab9f6-download_2.jpeg</filename>
<source>
<database>MyDatabase</database>
<annotation>COCO2017</annotation>
<image>flickr</image>
<flickrid>NULL</flickrid>
<annotator>2</annotator>
</source>
<owner>
<flickrid>NULL</flickrid>
<name>Label Studio</name>
</owner>
<size>
<width>275</width>
<height>183</height>
<depth>3</depth>
</size>
<segmented>0</segmented>
<object>
<name>Telephone</name>
<pose>Unspecified</pose>
<truncated>0</truncated>
<difficult>0</difficult>
<bndbox>
<xmin>73</xmin>
<ymin>0</ymin>
<xmax>213</xmax>
<ymax>180</ymax>
</bndbox>
</object>
</annotation>
