<?xml version="1.0" encoding="utf-8"?>
<annotation>
<folder>images</folder>
<filename>ca4952c7-19113358-0-image-a-11_1569862714533.jpg</filename>
<source>
<database>MyDatabase</database>
<annotation>COCO2017</annotation>
<image>flickr</image>
<flickrid>NULL</flickrid>
<annotator>2</annotator>
</source>
<owner>
<flickrid>NULL</flickrid>
<name>Label Studio</name>
</owner>
<size>
<width>1908</width>
<height>1146</height>
<depth>3</depth>
</size>
<segmented>0</segmented>
<object>
<name>Telephone</name>
<pose>Unspecified</pose>
<truncated>0</truncated>
<difficult>0</difficult>
<bndbox>
<xmin>108</xmin>
<ymin>252</ymin>
<xmax>1810</xmax>
<ymax>937</ymax>
</bndbox>
</object>
</annotation>
