<?xml version="1.0" encoding="utf-8"?>
<annotation>
<folder>images</folder>
<filename>cc50914b-MPTP3.jpeg</filename>
<source>
<database>MyDatabase</database>
<annotation>COCO2017</annotation>
<image>flickr</image>
<flickrid>NULL</flickrid>
<annotator>2</annotator>
</source>
<owner>
<flickrid>NULL</flickrid>
<name>Label Studio</name>
</owner>
<size>
<width>1144</width>
<height>1144</height>
<depth>3</depth>
</size>
<segmented>0</segmented>
<object>
<name>Telephone</name>
<pose>Unspecified</pose>
<truncated>0</truncated>
<difficult>0</difficult>
<bndbox>
<xmin>271</xmin>
<ymin>18</ymin>
<xmax>834</xmax>
<ymax>1084</ymax>
</bndbox>
</object>
</annotation>
