<?xml version="1.0" encoding="utf-8"?>
<annotation>
<folder>images</folder>
<filename>d2f948e9-AndroidPIT-huawei-p30-lite-display.jpg</filename>
<source>
<database>MyDatabase</database>
<annotation>COCO2017</annotation>
<image>flickr</image>
<flickrid>NULL</flickrid>
<annotator>2</annotator>
</source>
<owner>
<flickrid>NULL</flickrid>
<name>Label Studio</name>
</owner>
<size>
<width>4772</width>
<height>2684</height>
<depth>3</depth>
</size>
<segmented>0</segmented>
<object>
<name>Telephone</name>
<pose>Unspecified</pose>
<truncated>0</truncated>
<difficult>0</difficult>
<bndbox>
<xmin>1556</xmin>
<ymin>5</ymin>
<xmax>3458</xmax>
<ymax>2683</ymax>
</bndbox>
</object>
</annotation>
