<?xml version="1.0" encoding="utf-8"?>
<annotation>
<folder>images</folder>
<filename>d4404374-1366_2000.jpg</filename>
<source>
<database>MyDatabase</database>
<annotation>COCO2017</annotation>
<image>flickr</image>
<flickrid>NULL</flickrid>
<annotator>2</annotator>
</source>
<owner>
<flickrid>NULL</flickrid>
<name>Label Studio</name>
</owner>
<size>
<width>1366</width>
<height>911</height>
<depth>3</depth>
</size>
<segmented>0</segmented>
<object>
<name>Telephone</name>
<pose>Unspecified</pose>
<truncated>0</truncated>
<difficult>0</difficult>
<bndbox>
<xmin>600</xmin>
<ymin>68</ymin>
<xmax>944</xmax>
<ymax>860</ymax>
</bndbox>
</object>
</annotation>
