<?xml version="1.0" encoding="utf-8"?>
<annotation>
<folder>images</folder>
<filename>de968009-aiphone14pm-cov-sho-sel-1-1152416-1665475427.jpg</filename>
<source>
<database>MyDatabase</database>
<annotation>COCO2017</annotation>
<image>flickr</image>
<flickrid>NULL</flickrid>
<annotator>2</annotator>
</source>
<owner>
<flickrid>NULL</flickrid>
<name>Label Studio</name>
</owner>
<size>
<width>679</width>
<height>500</height>
<depth>3</depth>
</size>
<segmented>0</segmented>
<object>
<name>Telephone</name>
<pose>Unspecified</pose>
<truncated>0</truncated>
<difficult>0</difficult>
<bndbox>
<xmin>147</xmin>
<ymin>11</ymin>
<xmax>499</xmax>
<ymax>482</ymax>
</bndbox>
</object>
</annotation>
