<?xml version="1.0" encoding="utf-8"?>
<annotation>
<folder>images</folder>
<filename>e1ce3bcc-Sony_Xperia5_IV_TOP.jpeg</filename>
<source>
<database>MyDatabase</database>
<annotation>COCO2017</annotation>
<image>flickr</image>
<flickrid>NULL</flickrid>
<annotator>2</annotator>
</source>
<owner>
<flickrid>NULL</flickrid>
<name>Label Studio</name>
</owner>
<size>
<width>1920</width>
<height>1081</height>
<depth>3</depth>
</size>
<segmented>0</segmented>
<object>
<name>Telephone</name>
<pose>Unspecified</pose>
<truncated>0</truncated>
<difficult>0</difficult>
<bndbox>
<xmin>376</xmin>
<ymin>54</ymin>
<xmax>1415</xmax>
<ymax>924</ymax>
</bndbox>
</object>
</annotation>
