<?xml version="1.0" encoding="utf-8"?>
<annotation>
<folder>images</folder>
<filename>e3a50f92-Samsung_A40.jpg</filename>
<source>
<database>MyDatabase</database>
<annotation>COCO2017</annotation>
<image>flickr</image>
<flickrid>NULL</flickrid>
<annotator>2</annotator>
</source>
<owner>
<flickrid>NULL</flickrid>
<name>Label Studio</name>
</owner>
<size>
<width>1920</width>
<height>989</height>
<depth>3</depth>
</size>
<segmented>0</segmented>
<object>
<name>Telephone</name>
<pose>Unspecified</pose>
<truncated>0</truncated>
<difficult>0</difficult>
<bndbox>
<xmin>169</xmin>
<ymin>84</ymin>
<xmax>1793</xmax>
<ymax>905</ymax>
</bndbox>
</object>
</annotation>
