<?xml version="1.0" encoding="utf-8"?>
<annotation>
<folder>images</folder>
<filename>e4ccfa17-maxresdefault.jpg</filename>
<source>
<database>MyDatabase</database>
<annotation>COCO2017</annotation>
<image>flickr</image>
<flickrid>NULL</flickrid>
<annotator>2</annotator>
</source>
<owner>
<flickrid>NULL</flickrid>
<name>Label Studio</name>
</owner>
<size>
<width>1280</width>
<height>720</height>
<depth>3</depth>
</size>
<segmented>0</segmented>
<object>
<name>Telephone</name>
<pose>Unspecified</pose>
<truncated>0</truncated>
<difficult>0</difficult>
<bndbox>
<xmin>66</xmin>
<ymin>17</ymin>
<xmax>1180</xmax>
<ymax>676</ymax>
</bndbox>
</object>
</annotation>
