<?xml version="1.0" encoding="utf-8"?>
<annotation>
<folder>images</folder>
<filename>e5b38b1b-0-78880-iphone-8-5-xl.jpg</filename>
<source>
<database>MyDatabase</database>
<annotation>COCO2017</annotation>
<image>flickr</image>
<flickrid>NULL</flickrid>
<annotator>2</annotator>
</source>
<owner>
<flickrid>NULL</flickrid>
<name>Label Studio</name>
</owner>
<size>
<width>1280</width>
<height>892</height>
<depth>3</depth>
</size>
<segmented>0</segmented>
<object>
<name>Telephone</name>
<pose>Unspecified</pose>
<truncated>0</truncated>
<difficult>0</difficult>
<bndbox>
<xmin>216</xmin>
<ymin>19</ymin>
<xmax>875</xmax>
<ymax>834</ymax>
</bndbox>
</object>
</annotation>
