<?xml version="1.0" encoding="utf-8"?>
<annotation>
<folder>images</folder>
<filename>ebd12431-ip4main.jpg.cf.jpg</filename>
<source>
<database>MyDatabase</database>
<annotation>COCO2017</annotation>
<image>flickr</image>
<flickrid>NULL</flickrid>
<annotator>2</annotator>
</source>
<owner>
<flickrid>NULL</flickrid>
<name>Label Studio</name>
</owner>
<size>
<width>600</width>
<height>398</height>
<depth>3</depth>
</size>
<segmented>0</segmented>
<object>
<name>Telephone</name>
<pose>Unspecified</pose>
<truncated>0</truncated>
<difficult>0</difficult>
<bndbox>
<xmin>89</xmin>
<ymin>24</ymin>
<xmax>501</xmax>
<ymax>382</ymax>
</bndbox>
</object>
</annotation>
