<?xml version="1.0" encoding="utf-8"?>
<annotation>
<folder>images</folder>
<filename>ec685894-iphone-14-pro_overview__e414c54gtu6a_og.png</filename>
<source>
<database>MyDatabase</database>
<annotation>COCO2017</annotation>
<image>flickr</image>
<flickrid>NULL</flickrid>
<annotator>2</annotator>
</source>
<owner>
<flickrid>NULL</flickrid>
<name>Label Studio</name>
</owner>
<size>
<width>1200</width>
<height>630</height>
<depth>3</depth>
</size>
<segmented>0</segmented>
<object>
<name>Telephone</name>
<pose>Unspecified</pose>
<truncated>0</truncated>
<difficult>0</difficult>
<bndbox>
<xmin>219</xmin>
<ymin>360</ymin>
<xmax>957</xmax>
<ymax>629</ymax>
</bndbox>
</object>
</annotation>
