<?xml version="1.0" encoding="utf-8"?>
<annotation>
<folder>images</folder>
<filename>f4a8dbfc-61sfcfC8rDL.jpg</filename>
<source>
<database>MyDatabase</database>
<annotation>COCO2017</annotation>
<image>flickr</image>
<flickrid>NULL</flickrid>
<annotator>2</annotator>
</source>
<owner>
<flickrid>NULL</flickrid>
<name>Label Studio</name>
</owner>
<size>
<width>1240</width>
<height>745</height>
<depth>3</depth>
</size>
<segmented>0</segmented>
<object>
<name>Telephone</name>
<pose>Unspecified</pose>
<truncated>0</truncated>
<difficult>0</difficult>
<bndbox>
<xmin>56</xmin>
<ymin>39</ymin>
<xmax>1198</xmax>
<ymax>726</ymax>
</bndbox>
</object>
</annotation>
