<?xml version="1.0" encoding="utf-8"?>
<annotation>
<folder>images</folder>
<filename>f4aae261-akrales_190228_3255_0525.jpg</filename>
<source>
<database>MyDatabase</database>
<annotation>COCO2017</annotation>
<image>flickr</image>
<flickrid>NULL</flickrid>
<annotator>2</annotator>
</source>
<owner>
<flickrid>NULL</flickrid>
<name>Label Studio</name>
</owner>
<size>
<width>1200</width>
<height>628</height>
<depth>3</depth>
</size>
<segmented>0</segmented>
<object>
<name>Telephone</name>
<pose>Unspecified</pose>
<truncated>0</truncated>
<difficult>0</difficult>
<bndbox>
<xmin>330</xmin>
<ymin>0</ymin>
<xmax>946</xmax>
<ymax>617</ymax>
</bndbox>
</object>
</annotation>
