<?xml version="1.0" encoding="utf-8"?>
<annotation>
<folder>images</folder>
<filename>f6033e97-302872424-400x300.jpeg</filename>
<source>
<database>MyDatabase</database>
<annotation>COCO2017</annotation>
<image>flickr</image>
<flickrid>NULL</flickrid>
<annotator>2</annotator>
</source>
<owner>
<flickrid>NULL</flickrid>
<name>Label Studio</name>
</owner>
<size>
<width>263</width>
<height>600</height>
<depth>3</depth>
</size>
<segmented>0</segmented>
<object>
<name>Telephone</name>
<pose>Unspecified</pose>
<truncated>0</truncated>
<difficult>0</difficult>
<bndbox>
<xmin>47</xmin>
<ymin>26</ymin>
<xmax>229</xmax>
<ymax>450</ymax>
</bndbox>
</object>
</annotation>
