<?xml version="1.0" encoding="utf-8"?>
<annotation>
<folder>images</folder>
<filename>fb21c8c3-142231-phones-review-iphone-8-plus-review-image1-cz02mm4xbh.jpg</filename>
<source>
<database>MyDatabase</database>
<annotation>COCO2017</annotation>
<image>flickr</image>
<flickrid>NULL</flickrid>
<annotator>2</annotator>
</source>
<owner>
<flickrid>NULL</flickrid>
<name>Label Studio</name>
</owner>
<size>
<width>1201</width>
<height>801</height>
<depth>3</depth>
</size>
<segmented>0</segmented>
<object>
<name>Telephone</name>
<pose>Unspecified</pose>
<truncated>0</truncated>
<difficult>0</difficult>
<bndbox>
<xmin>451</xmin>
<ymin>84</ymin>
<xmax>759</xmax>
<ymax>703</ymax>
</bndbox>
</object>
</annotation>
