<?xml version="1.0" encoding="utf-8"?>
<annotation>
<folder>images</folder>
<filename>fbd73f30-HERO.jpg</filename>
<source>
<database>MyDatabase</database>
<annotation>COCO2017</annotation>
<image>flickr</image>
<flickrid>NULL</flickrid>
<annotator>2</annotator>
</source>
<owner>
<flickrid>NULL</flickrid>
<name>Label Studio</name>
</owner>
<size>
<width>4032</width>
<height>3024</height>
<depth>3</depth>
</size>
<segmented>0</segmented>
<object>
<name>Telephone</name>
<pose>Unspecified</pose>
<truncated>0</truncated>
<difficult>0</difficult>
<bndbox>
<xmin>248</xmin>
<ymin>199</ymin>
<xmax>3303</xmax>
<ymax>3023</ymax>
</bndbox>
</object>
</annotation>
